﻿<MERC_AVAILABLES>
  <MERC>
	<uiIndex>0</uiIndex>
	<Name>Biff</Name>
	<Drunk>0</Drunk>
	<uiAlternateIndex>-1</uiAlternateIndex>
	<StartMercsAvailable>1</StartMercsAvailable>
	<NewMercsAvailable>0</NewMercsAvailable>
	<MercBioID>0</MercBioID>
	<ProfilId>40</ProfilId>
	<usMoneyPaid>0</usMoneyPaid>
	<usDay>0</usDay>
  </MERC>
  <MERC>
	<uiIndex>1</uiIndex>
	<Name>Haywire</Name>
	<Drunk>0</Drunk>
	<uiAlternateIndex>-1</uiAlternateIndex>
	<StartMercsAvailable>1</StartMercsAvailable>
	<NewMercsAvailable>0</NewMercsAvailable>
	<MercBioID>1</MercBioID>
	<ProfilId>41</ProfilId>
	<usMoneyPaid>0</usMoneyPaid>
	<usDay>0</usDay>
  </MERC>
  <MERC>
	<uiIndex>2</uiIndex>
	<Name>Gasket</Name>
	<Drunk>0</Drunk>
	<uiAlternateIndex>-1</uiAlternateIndex>
	<StartMercsAvailable>1</StartMercsAvailable>
	<NewMercsAvailable>0</NewMercsAvailable>
	<MercBioID>2</MercBioID>
	<ProfilId>42</ProfilId>
	<usMoneyPaid>0</usMoneyPaid>
	<usDay>0</usDay>
  </MERC>
  <MERC>
	<uiIndex>3</uiIndex>
	<Name>Razor</Name>
	<Drunk>0</Drunk>
	<uiAlternateIndex>-1</uiAlternateIndex>
	<StartMercsAvailable>1</StartMercsAvailable>
	<NewMercsAvailable>0</NewMercsAvailable>
	<MercBioID>3</MercBioID>
	<ProfilId>43</ProfilId>
	<usMoneyPaid>0</usMoneyPaid>
	<usDay>0</usDay>
  </MERC>
  <MERC>
	<uiIndex>4</uiIndex>
	<Name>Flo</Name>
	<Drunk>0</Drunk>
	<uiAlternateIndex>-1</uiAlternateIndex>
	<StartMercsAvailable>1</StartMercsAvailable>
	<NewMercsAvailable>0</NewMercsAvailable>
	<MercBioID>4</MercBioID>
	<ProfilId>44</ProfilId>
	<usMoneyPaid>0</usMoneyPaid>
	<usDay>0</usDay>
  </MERC>
  <MERC>
	<uiIndex>5</uiIndex>
	<Name>Gumpy</Name>
	<Drunk>0</Drunk>
	<uiAlternateIndex>-1</uiAlternateIndex>
	<StartMercsAvailable>1</StartMercsAvailable>
	<NewMercsAvailable>0</NewMercsAvailable>
	<MercBioID>5</MercBioID>
	<ProfilId>45</ProfilId>
	<usMoneyPaid>0</usMoneyPaid>
	<usDay>0</usDay>
  </MERC>
  <MERC>
	<uiIndex>6</uiIndex>
	<Name>Reuban</Name>
	<Drunk>0</Drunk>
	<uiAlternateIndex>-1</uiAlternateIndex>
	<StartMercsAvailable>1</StartMercsAvailable>
	<NewMercsAvailable>0</NewMercsAvailable>
	<MercBioID>16</MercBioID>
	<ProfilId>221</ProfilId>
	<usMoneyPaid>0</usMoneyPaid>
	<usDay>0</usDay>
  </MERC>
  <MERC>
	<uiIndex>7</uiIndex>
	<Name>Raffi</Name>
	<Drunk>0</Drunk>
	<uiAlternateIndex>-1</uiAlternateIndex>
	<StartMercsAvailable>1</StartMercsAvailable>
	<NewMercsAvailable>0</NewMercsAvailable>
	<MercBioID>36</MercBioID>
	<ProfilId>189</ProfilId>
	<usMoneyPaid>0</usMoneyPaid>
	<usDay>0</usDay>
  </MERC>
  <MERC>
	<uiIndex>8</uiIndex>
	<Name>Rev</Name>
	<Drunk>0</Drunk>
	<uiAlternateIndex>-1</uiAlternateIndex>
	<StartMercsAvailable>1</StartMercsAvailable>
	<NewMercsAvailable>0</NewMercsAvailable>
	<MercBioID>22</MercBioID>
	<ProfilId>247</ProfilId>
	<usMoneyPaid>0</usMoneyPaid>
	<usDay>0</usDay>
  </MERC>
  <MERC>
	<uiIndex>9</uiIndex>
	<Name>Elroy</Name>
	<Drunk>0</Drunk>
	<uiAlternateIndex>-1</uiAlternateIndex>
	<StartMercsAvailable>1</StartMercsAvailable>
	<NewMercsAvailable>0</NewMercsAvailable>
	<MercBioID>24</MercBioID>
	<ProfilId>244</ProfilId>
	<usMoneyPaid>0</usMoneyPaid>
	<usDay>0</usDay>
  </MERC>
  <MERC>
	<uiIndex>10</uiIndex>
	<Name>Turtle</Name>
	<Drunk>0</Drunk>
	<uiAlternateIndex>-1</uiAlternateIndex>
	<StartMercsAvailable>1</StartMercsAvailable>
	<NewMercsAvailable>0</NewMercsAvailable>
	<MercBioID>26</MercBioID>
	<ProfilId>253</ProfilId>
	<usMoneyPaid>0</usMoneyPaid>
	<usDay>0</usDay>
  </MERC>
  <MERC>
	<uiIndex>11</uiIndex>
	<Name>Hurl</Name>
	<Drunk>0</Drunk>
	<uiAlternateIndex>-1</uiAlternateIndex>
	<StartMercsAvailable>1</StartMercsAvailable>
	<NewMercsAvailable>0</NewMercsAvailable>
	<MercBioID>27</MercBioID>
	<ProfilId>227</ProfilId>
	<usMoneyPaid>0</usMoneyPaid>
	<usDay>0</usDay>
  </MERC>
  <MERC>
	<uiIndex>12</uiIndex>
	<Name>Skitz</Name>
	<Drunk>0</Drunk>
	<uiAlternateIndex>-1</uiAlternateIndex>
	<StartMercsAvailable>1</StartMercsAvailable>
	<NewMercsAvailable>0</NewMercsAvailable>
	<MercBioID>28</MercBioID>
	<ProfilId>179</ProfilId>
	<usMoneyPaid>0</usMoneyPaid>
	<usDay>0</usDay>
  </MERC>
  <MERC>
	<uiIndex>13</uiIndex>
	<Name>Weasel</Name>
	<Drunk>0</Drunk>
	<uiAlternateIndex>-1</uiAlternateIndex>
	<StartMercsAvailable>1</StartMercsAvailable>
	<NewMercsAvailable>0</NewMercsAvailable>
	<MercBioID>29</MercBioID>
	<ProfilId>180</ProfilId>
	<usMoneyPaid>0</usMoneyPaid>
	<usDay>0</usDay>
  </MERC>
  <MERC>
	<uiIndex>14</uiIndex>
	<Name>Lance</Name>
	<Drunk>0</Drunk>
	<uiAlternateIndex>-1</uiAlternateIndex>
	<StartMercsAvailable>1</StartMercsAvailable>
	<NewMercsAvailable>0</NewMercsAvailable>
	<MercBioID>35</MercBioID>
	<ProfilId>188</ProfilId>
	<usMoneyPaid>0</usMoneyPaid>
	<usDay>0</usDay>
  </MERC>
  <MERC>
	<uiIndex>15</uiIndex>
	<Name>Elio</Name>
	<Drunk>0</Drunk>
	<uiAlternateIndex>-1</uiAlternateIndex>
	<StartMercsAvailable>0</StartMercsAvailable>
	<NewMercsAvailable>0</NewMercsAvailable>
	<MercBioID>40</MercBioID>
	<ProfilId>196</ProfilId>
	<usMoneyPaid>100</usMoneyPaid>
	<usDay>2</usDay>
  </MERC>
  <MERC>
	<uiIndex>16</uiIndex>
	<Name>Juan</Name>
	<Drunk>0</Drunk>
	<uiAlternateIndex>-1</uiAlternateIndex>
	<StartMercsAvailable>0</StartMercsAvailable>
	<NewMercsAvailable>0</NewMercsAvailable>
	<MercBioID>41</MercBioID>
	<ProfilId>197</ProfilId>
	<usMoneyPaid>100</usMoneyPaid>
	<usDay>2</usDay>
  </MERC>
  <MERC>
	<uiIndex>17</uiIndex>
	<Name>Wahan</Name>
	<Drunk>0</Drunk>
	<uiAlternateIndex>-1</uiAlternateIndex>
	<StartMercsAvailable>0</StartMercsAvailable>
	<NewMercsAvailable>0</NewMercsAvailable>
	<MercBioID>42</MercBioID>
	<ProfilId>198</ProfilId>
	<usMoneyPaid>100</usMoneyPaid>
	<usDay>2</usDay>
  </MERC>
  <MERC>
	<uiIndex>18</uiIndex>
	<Name>It</Name>
	<Drunk>0</Drunk>
	<uiAlternateIndex>-1</uiAlternateIndex>
	<StartMercsAvailable>0</StartMercsAvailable>
	<NewMercsAvailable>0</NewMercsAvailable>
	<MercBioID>30</MercBioID>
	<ProfilId>181</ProfilId>
	<usMoneyPaid>100</usMoneyPaid>
	<usDay>2</usDay>
  </MERC>
  <MERC>
	<uiIndex>19</uiIndex>
	<Name>Postie</Name>
	<Drunk>0</Drunk>
	<uiAlternateIndex>-1</uiAlternateIndex>
	<StartMercsAvailable>0</StartMercsAvailable>
	<NewMercsAvailable>0</NewMercsAvailable>
	<MercBioID>15</MercBioID>
	<ProfilId>220</ProfilId>
	<usMoneyPaid>100</usMoneyPaid>
	<usDay>2</usDay>
  </MERC>
  <MERC>
	<uiIndex>20</uiIndex>
	<Name>Ears</Name>
	<Drunk>0</Drunk>
	<uiAlternateIndex>-1</uiAlternateIndex>
	<StartMercsAvailable>0</StartMercsAvailable>
	<NewMercsAvailable>0</NewMercsAvailable>
	<MercBioID>23</MercBioID>
	<ProfilId>249</ProfilId>
	<usMoneyPaid>400</usMoneyPaid>
	<usDay>5</usDay>
  </MERC>
  <MERC>
	<uiIndex>21</uiIndex>
	<Name>Dyno</Name>
	<Drunk>0</Drunk>
	<uiAlternateIndex>-1</uiAlternateIndex>
	<StartMercsAvailable>0</StartMercsAvailable>
	<NewMercsAvailable>0</NewMercsAvailable>
	<MercBioID>25</MercBioID>
	<ProfilId>252</ProfilId>
	<usMoneyPaid>400</usMoneyPaid>
	<usDay>5</usDay>
  </MERC>
  <MERC>
	<uiIndex>22</uiIndex>
	<Name>Wink</Name>
	<Drunk>0</Drunk>
	<uiAlternateIndex>-1</uiAlternateIndex>
	<StartMercsAvailable>0</StartMercsAvailable>
	<NewMercsAvailable>0</NewMercsAvailable>
	<MercBioID>37</MercBioID>
	<ProfilId>190</ProfilId>
	<usMoneyPaid>500</usMoneyPaid>
	<usDay>6</usDay>
  </MERC>
  <MERC>
	<uiIndex>23</uiIndex>
	<Name>Pops</Name>
	<Drunk>0</Drunk>
	<uiAlternateIndex>-1</uiAlternateIndex>
	<StartMercsAvailable>0</StartMercsAvailable>
	<NewMercsAvailable>0</NewMercsAvailable>
	<MercBioID>32</MercBioID>
	<ProfilId>183</ProfilId>
	<usMoneyPaid>600</usMoneyPaid>
	<usDay>7</usDay>
  </MERC>
  <MERC>
	<uiIndex>24</uiIndex>
	<Name>Wally</Name>
	<Drunk>0</Drunk>
	<uiAlternateIndex>-1</uiAlternateIndex>
	<StartMercsAvailable>0</StartMercsAvailable>
	<NewMercsAvailable>0</NewMercsAvailable>
	<MercBioID>33</MercBioID>
	<ProfilId>184</ProfilId>
	<usMoneyPaid>600</usMoneyPaid>
	<usDay>7</usDay>
  </MERC>
  <MERC>
	<uiIndex>25</uiIndex>
	<Name>Eli</Name>
	<Drunk>0</Drunk>
	<uiAlternateIndex>-1</uiAlternateIndex>
	<StartMercsAvailable>0</StartMercsAvailable>
	<NewMercsAvailable>0</NewMercsAvailable>
	<MercBioID>34</MercBioID>
	<ProfilId>185</ProfilId>
	<usMoneyPaid>600</usMoneyPaid>
	<usDay>7</usDay>
  </MERC>
  <MERC>
	<uiIndex>26</uiIndex>
	<Name>Leon</Name>
	<Drunk>0</Drunk>
	<uiAlternateIndex>-1</uiAlternateIndex>
	<StartMercsAvailable>0</StartMercsAvailable>
	<NewMercsAvailable>0</NewMercsAvailable>
	<MercBioID>17</MercBioID>
	<ProfilId>222</ProfilId>
	<usMoneyPaid>800</usMoneyPaid>
	<usDay>10</usDay>
  </MERC>
  <MERC>
	<uiIndex>27</uiIndex>
	<Name>Sparky</Name>
	<Drunk>0</Drunk>
	<uiAlternateIndex>-1</uiAlternateIndex>
	<StartMercsAvailable>0</StartMercsAvailable>
	<NewMercsAvailable>0</NewMercsAvailable>
	<MercBioID>19</MercBioID>
	<ProfilId>224</ProfilId>
	<usMoneyPaid>100</usMoneyPaid>
	<usDay>2</usDay>
  </MERC>
  <MERC>
	<uiIndex>28</uiIndex>
	<Name>Beth</Name>
	<Drunk>0</Drunk>
	<uiAlternateIndex>-1</uiAlternateIndex>
	<StartMercsAvailable>0</StartMercsAvailable>
	<NewMercsAvailable>0</NewMercsAvailable>
	<MercBioID>20</MercBioID>
	<ProfilId>225</ProfilId>
	<usMoneyPaid>100</usMoneyPaid>
	<usDay>2</usDay>
  </MERC>
  <MERC>
	<uiIndex>29</uiIndex>
	<Name>Sam</Name>
	<Drunk>0</Drunk>
	<uiAlternateIndex>-1</uiAlternateIndex>
	<StartMercsAvailable>0</StartMercsAvailable>
	<NewMercsAvailable>0</NewMercsAvailable>
	<MercBioID>21</MercBioID>
	<ProfilId>226</ProfilId>
	<usMoneyPaid>800</usMoneyPaid>
	<usDay>10</usDay>
  </MERC>
  <MERC>
	<uiIndex>30</uiIndex>
	<Name>Bernie</Name>
	<Drunk>0</Drunk>
	<uiAlternateIndex>-1</uiAlternateIndex>
	<StartMercsAvailable>0</StartMercsAvailable>
	<NewMercsAvailable>0</NewMercsAvailable>
	<MercBioID>31</MercBioID>
	<ProfilId>182</ProfilId>
	<usMoneyPaid>500</usMoneyPaid>
	<usDay>8</usDay>
  </MERC>
  <MERC>
	<uiIndex>31</uiIndex>
	<Name>Bubba</Name>
	<Drunk>0</Drunk>
	<uiAlternateIndex>-1</uiAlternateIndex>
	<StartMercsAvailable>0</StartMercsAvailable>
	<NewMercsAvailable>0</NewMercsAvailable>
	<MercBioID>10</MercBioID>
	<ProfilId>50</ProfilId>
	<usMoneyPaid>500</usMoneyPaid>
	<usDay>8</usDay>
  </MERC>
  <MERC>
	<uiIndex>32</uiIndex>
	<Name>Larry</Name>
	<Drunk>0</Drunk>
	<uiAlternateIndex>-1</uiAlternateIndex>
	<StartMercsAvailable>0</StartMercsAvailable>
	<NewMercsAvailable>0</NewMercsAvailable>
	<MercBioID>6</MercBioID>
	<ProfilId>46</ProfilId>
	<usMoneyPaid>1000</usMoneyPaid>
	<usDay>15</usDay>
  </MERC>
  <MERC>
	<uiIndex>33</uiIndex>
	<Name>Larry</Name>
	<Drunk>1</Drunk>
	<uiAlternateIndex>32</uiAlternateIndex>
	<StartMercsAvailable>0</StartMercsAvailable>
	<NewMercsAvailable>0</NewMercsAvailable>
	<MercBioID>7</MercBioID>
	<ProfilId>47</ProfilId>
	<usMoneyPaid>0</usMoneyPaid>
	<usDay>0</usDay>
  </MERC>
  <MERC>
	<uiIndex>34</uiIndex>
	<Name>Numb</Name>
	<Drunk>0</Drunk>
	<uiAlternateIndex>-1</uiAlternateIndex>
	<StartMercsAvailable>0</StartMercsAvailable>
	<NewMercsAvailable>0</NewMercsAvailable>
	<MercBioID>9</MercBioID>
	<ProfilId>49</ProfilId>
	<usMoneyPaid>15000</usMoneyPaid>
	<usDay>20</usDay>
  </MERC>
  <MERC>
	<uiIndex>35</uiIndex>
	<Name>Cougar</Name>	
	<Drunk>0</Drunk>	
	<uiAlternateIndex>-1</uiAlternateIndex>
	<StartMercsAvailable>0</StartMercsAvailable>
	<NewMercsAvailable>0</NewMercsAvailable>
	<MercBioID>8</MercBioID>
	<ProfilId>48</ProfilId>
    <usMoneyPaid>20000</usMoneyPaid>
	<usDay>25</usDay>
  </MERC>
  <MERC>
	<uiIndex>36</uiIndex>
	<Name>Gaston</Name>	
	<Drunk>0</Drunk>	
	<uiAlternateIndex>-1</uiAlternateIndex>
	<StartMercsAvailable>0</StartMercsAvailable>
	<NewMercsAvailable>0</NewMercsAvailable>
	<MercBioID>11</MercBioID>
	<ProfilId>58</ProfilId>
    <usMoneyPaid>25000</usMoneyPaid>
	<usDay>30</usDay>
  </MERC>
  <MERC>
	<uiIndex>37</uiIndex>
	<Name>Stogie</Name>	
	<Drunk>0</Drunk>	
	<uiAlternateIndex>-1</uiAlternateIndex>
	<StartMercsAvailable>0</StartMercsAvailable>
	<NewMercsAvailable>0</NewMercsAvailable>
	<MercBioID>12</MercBioID>
	<ProfilId>59</ProfilId>
    <usMoneyPaid>26000</usMoneyPaid>
	<usDay>31</usDay>
  </MERC>
  <MERC>
	<uiIndex>38</uiIndex>
	<Name>Spooky</Name>
	<Drunk>0</Drunk>
	<uiAlternateIndex>-1</uiAlternateIndex>
	<StartMercsAvailable>0</StartMercsAvailable>
	<NewMercsAvailable>0</NewMercsAvailable>
	<MercBioID>18</MercBioID>
	<ProfilId>178</ProfilId>
	<usMoneyPaid>20000</usMoneyPaid>
	<usDay>30</usDay>
  </MERC>
  <MERC>
	<uiIndex>39</uiIndex>
	<Name>Speck</Name>
	<Drunk>0</Drunk>
	<uiAlternateIndex>-1</uiAlternateIndex>
	<StartMercsAvailable>0</StartMercsAvailable>
	<NewMercsAvailable>0</NewMercsAvailable>
	<MercBioID>38</MercBioID>
	<ProfilId>191</ProfilId>
	<usMoneyPaid>5000</usMoneyPaid>
	<usDay>7</usDay>
  </MERC>
</MERC_AVAILABLES>
