﻿<SMALLFACE>
	<FACE>
		<uiIndex>0</uiIndex>
		<Name>Gaston</Name>
		<FaceIndex>58</FaceIndex>
		<EyesX>13</EyesX>
		<EyesY>5</EyesY>
		<MouthX>10</MouthX>
		<MouthY>25</MouthY>
	</FACE>
	<FACE>
		<uiIndex>1</uiIndex>
		<Name>Stogie</Name>
		<FaceIndex>59</FaceIndex>
		<EyesX>9</EyesX>
		<EyesY>4</EyesY>
		<MouthX>8</MouthX>
		<MouthY>22</MouthY>
	</FACE>	
	<FACE>
		<uiIndex>2</uiIndex>
		<Name>Manuel</Name>
		<FaceIndex>60</FaceIndex>
		<EyesX>14</EyesX>
		<EyesY>2</EyesY>
		<MouthX>13</MouthX>
		<MouthY>22</MouthY>
	</FACE>	
	<FACE>
		<uiIndex>3</uiIndex>
		<Name>Biggens</Name>
		<FaceIndex>61</FaceIndex>
		<EyesX>5</EyesX>
		<EyesY>6</EyesY>
		<MouthX>5</MouthX>
		<MouthY>25</MouthY>
	</FACE>	
	<FACE>
		<uiIndex>4</uiIndex>
		<Name>Kulba</Name>
		<FaceIndex>62</FaceIndex>
		<EyesX>6</EyesX>
		<EyesY>4</EyesY>
		<MouthX>6</MouthX>
		<MouthY>24</MouthY>
	</FACE>		
	<FACE>
		<uiIndex>5</uiIndex>
		<Name>RAT</Name>
		<FaceIndex>63</FaceIndex>
		<EyesX>0</EyesX>
		<EyesY>0</EyesY>
		<MouthX>0</MouthX>
		<MouthY>0</MouthY>
	</FACE>	
	<FACE>
		<uiIndex>6</uiIndex>
		<Name>Tex</Name>
		<FaceIndex>64</FaceIndex>
		<EyesX>3</EyesX>
		<EyesY>6</EyesY>
		<MouthX>3</MouthX>
		<MouthY>23</MouthY>
	</FACE>		
	<FACE>
		<uiIndex>7</uiIndex>
		<Name>65</Name>
		<FaceIndex>65</FaceIndex>
		<EyesX>8</EyesX>
		<EyesY>8</EyesY>
		<MouthX>8</MouthX>
		<MouthY>22</MouthY>
	</FACE>	
	<FACE>
		<uiIndex>8</uiIndex>
		<Name>66</Name>
		<FaceIndex>66</FaceIndex>
		<EyesX>9</EyesX>
		<EyesY>4</EyesY>
		<MouthX>7</MouthX>
		<MouthY>22</MouthY>
	</FACE>	
	<FACE>
		<uiIndex>9</uiIndex>
		<Name>67</Name>
		<FaceIndex>67</FaceIndex>
		<EyesX>8</EyesX>
		<EyesY>8</EyesY>
		<MouthX>8</MouthX>
		<MouthY>25</MouthY>
	</FACE>	
	<FACE>
		<uiIndex>10</uiIndex>
		<Name>68</Name>
		<FaceIndex>68</FaceIndex>
		<EyesX>4</EyesX>
		<EyesY>6</EyesY>
		<MouthX>5</MouthX>
		<MouthY>22</MouthY>
	</FACE>	
	<FACE>
		<uiIndex>11</uiIndex>
		<Name>69</Name>
		<FaceIndex>69</FaceIndex>
		<EyesX>8</EyesX>
		<EyesY>9</EyesY>
		<MouthX>7</MouthX>
		<MouthY>25</MouthY>
	</FACE>	
	<FACE>
		<uiIndex>12</uiIndex>
		<Name>70</Name>
		<FaceIndex>70</FaceIndex>
		<EyesX>4</EyesX>
		<EyesY>7</EyesY>
		<MouthX>5</MouthX>
		<MouthY>25</MouthY>
	</FACE>	
	<FACE>
		<uiIndex>13</uiIndex>
		<Name>71</Name>
		<FaceIndex>71</FaceIndex>
		<EyesX>9</EyesX>
		<EyesY>7</EyesY>
		<MouthX>8</MouthX>
		<MouthY>22</MouthY>
	</FACE>	
	<FACE>
		<uiIndex>14</uiIndex>
		<Name>72</Name>
		<FaceIndex>72</FaceIndex>
		<EyesX>9</EyesX>
		<EyesY>7</EyesY>
		<MouthX>8</MouthX>
		<MouthY>25</MouthY>
	</FACE>	
	<FACE>
		<uiIndex>15</uiIndex>
		<Name>73</Name>
		<FaceIndex>73</FaceIndex>
		<EyesX>0</EyesX>
		<EyesY>0</EyesY>
		<MouthX>0</MouthX>
		<MouthY>0</MouthY>
	</FACE>	
	<FACE>
		<uiIndex>16</uiIndex>
		<Name>74</Name>
		<FaceIndex>74</FaceIndex>
		<EyesX>0</EyesX>
		<EyesY>0</EyesY>
		<MouthX>0</MouthX>
		<MouthY>0</MouthY>
	</FACE>	
	<FACE>
		<uiIndex>17</uiIndex>
		<Name>Jerry Milo</Name>
		<FaceIndex>76</FaceIndex>
		<EyesX>9</EyesX>
		<EyesY>3</EyesY>
		<MouthX>8</MouthX>
		<MouthY>25</MouthY>
	</FACE>	
	<FACE>
		<uiIndex>18</uiIndex>
		<Name>90</Name>
		<FaceIndex>90</FaceIndex>
		<EyesX>9</EyesX>
		<EyesY>3</EyesY>
		<MouthX>8</MouthX>
		<MouthY>25</MouthY>
	</FACE>		 
	<FACE>
		<uiIndex>19</uiIndex>
		<Name>97</Name>
		<FaceIndex>97</FaceIndex>
		<EyesX>11</EyesX>
		<EyesY>7</EyesY>
		<MouthX>9</MouthX>
		<MouthY>24</MouthY>
	</FACE>	
	<FACE>
		<uiIndex>20</uiIndex>
		<Name>106</Name>
		<FaceIndex>106</FaceIndex>
		<EyesX>9</EyesX>
		<EyesY>5</EyesY>
		<MouthX>7</MouthX>
		<MouthY>23</MouthY>
	</FACE>	
	<FACE>
		<uiIndex>21</uiIndex>
		<Name>118</Name>
		<FaceIndex>118</FaceIndex>
		<EyesX>6</EyesX>
		<EyesY>4</EyesY>
		<MouthX>6</MouthX>
		<MouthY>24</MouthY>
	</FACE>	
	<FACE>
		<uiIndex>22</uiIndex>
		<Name>119</Name>
		<FaceIndex>119</FaceIndex>
		<EyesX>12</EyesX>
		<EyesY>4</EyesY>
		<MouthX>10</MouthX>
		<MouthY>24</MouthY>
	</FACE>	
	<FACE>
		<uiIndex>23</uiIndex>
		<Name>148</Name>
		<FaceIndex>148</FaceIndex>
		<EyesX>8</EyesX>
		<EyesY>6</EyesY>
		<MouthX>8</MouthX>
		<MouthY>23</MouthY>
	</FACE>	
	<FACE>
		<uiIndex>24</uiIndex>
		<Name>156</Name>
		<FaceIndex>156</FaceIndex>
		<EyesX>6</EyesX>
		<EyesY>5</EyesY>
		<MouthX>6</MouthX>
		<MouthY>23</MouthY>
	</FACE>	
	<FACE>
		<uiIndex>25</uiIndex>
		<Name>157</Name>
		<FaceIndex>157</FaceIndex>
		<EyesX>13</EyesX>
		<EyesY>7</EyesY>
		<MouthX>11</MouthX>
		<MouthY>24</MouthY>
	</FACE>	
	<FACE>
		<uiIndex>26</uiIndex>
		<Name>158</Name>
		<FaceIndex>158</FaceIndex>
		<EyesX>9</EyesX>
		<EyesY>7</EyesY>
		<MouthX>8</MouthX>
		<MouthY>22</MouthY>
	</FACE>
	<FACE>
		<uiIndex>27</uiIndex>
		<Name>Mike</Name>
		<FaceIndex>149</FaceIndex>
		<EyesX>6</EyesX>
		<EyesY>8</EyesY>
		<MouthX>6</MouthX>
		<MouthY>23</MouthY>
	</FACE>
</SMALLFACE>