﻿<!--

This file contains the email text for each merc (that is available on the M.E.R.C website), 
when Speck sends us the mail, when the salary of a M.E.R.C merc increases.

uiIndex:		This represents the merc index from MercProfiles.xml (Prof.dat)
Subject:		The email subject
Message:		The email message body

-->

<EMAIL_MERC_LEVEL_UP>
	<EMAIL>
		<uiIndex>0</uiIndex>
		<Subject>Subject: None</Subject>
		<Message>Message : None</Message>
	</EMAIL>
	<EMAIL>
		<uiIndex>1</uiIndex>
		<Subject>Subject: None</Subject>
		<Message>Message : None</Message>
	</EMAIL>
	<EMAIL>
		<uiIndex>2</uiIndex>
		<Subject>Subject: None</Subject>
		<Message>Message : None</Message>
	</EMAIL>
	<EMAIL>
		<uiIndex>3</uiIndex>
		<Subject>Subject: None</Subject>
		<Message>Message : None</Message>
	</EMAIL>
	<EMAIL>
		<uiIndex>4</uiIndex>
		<Subject>Subject: None</Subject>
		<Message>Message : None</Message>
	</EMAIL>
	<EMAIL>
		<uiIndex>5</uiIndex>
		<Subject>Subject: None</Subject>
		<Message>Message : None</Message>
	</EMAIL>
	<EMAIL>
		<uiIndex>6</uiIndex>
		<Subject>Subject: None</Subject>
		<Message>Message : None</Message>
	</EMAIL>
	<EMAIL>
		<uiIndex>7</uiIndex>
		<Subject>Subject: None</Subject>
		<Message>Message : None</Message>
	</EMAIL>
	<EMAIL>
		<uiIndex>8</uiIndex>
		<Subject>Subject: None</Subject>
		<Message>Message : None</Message>
	</EMAIL>
	<EMAIL>
		<uiIndex>9</uiIndex>
		<Subject>Subject: None</Subject>
		<Message>Message : None</Message>
	</EMAIL>
	<EMAIL>
		<uiIndex>10</uiIndex>
		<Subject>Subject: None</Subject>
		<Message>Message : None</Message>
	</EMAIL>
	<EMAIL>
		<uiIndex>11</uiIndex>
		<Subject>Subject: None</Subject>
		<Message>Message : None</Message>
	</EMAIL>
	<EMAIL>
		<uiIndex>12</uiIndex>
		<Subject>Subject: None</Subject>
		<Message>Message : None</Message>
	</EMAIL>
	<EMAIL>
		<uiIndex>13</uiIndex>
		<Subject>Subject: None</Subject>
		<Message>Message : None</Message>
	</EMAIL>
	<EMAIL>
		<uiIndex>14</uiIndex>
		<Subject>Subject: None</Subject>
		<Message>Message : None</Message>
	</EMAIL>
	<EMAIL>
		<uiIndex>15</uiIndex>
		<Subject>Subject: None</Subject>
		<Message>Message : None</Message>
	</EMAIL>
	<EMAIL>
		<uiIndex>16</uiIndex>
		<Subject>Subject: None</Subject>
		<Message>Message : None</Message>
	</EMAIL>
	<EMAIL>
		<uiIndex>17</uiIndex>
		<Subject>Subject: None</Subject>
		<Message>Message : None</Message>
	</EMAIL>
	<EMAIL>
		<uiIndex>18</uiIndex>
		<Subject>Subject: None</Subject>
		<Message>Message : None</Message>
	</EMAIL>
	<EMAIL>
		<uiIndex>19</uiIndex>
		<Subject>Subject: None</Subject>
		<Message>Message : None</Message>
	</EMAIL>
	<EMAIL>
		<uiIndex>20</uiIndex>
		<Subject>Subject: None</Subject>
		<Message>Message : None</Message>
	</EMAIL>
	<EMAIL>
		<uiIndex>21</uiIndex>
		<Subject>Subject: None</Subject>
		<Message>Message : None</Message>
	</EMAIL>
	<EMAIL>
		<uiIndex>22</uiIndex>
		<Subject>Subject: None</Subject>
		<Message>Message : None</Message>
	</EMAIL>
	<EMAIL>
		<uiIndex>23</uiIndex>
		<Subject>Subject: None</Subject>
		<Message>Message : None</Message>
	</EMAIL>
	<EMAIL>
		<uiIndex>24</uiIndex>
		<Subject>Subject: None</Subject>
		<Message>Message : None</Message>
	</EMAIL>
	<EMAIL>
		<uiIndex>25</uiIndex>
		<Subject>Subject: None</Subject>
		<Message>Message : None</Message>
	</EMAIL>
	<EMAIL>
		<uiIndex>26</uiIndex>
		<Subject>Subject: None</Subject>
		<Message>Message : None</Message>
	</EMAIL>
	<EMAIL>
		<uiIndex>27</uiIndex>
		<Subject>Subject: None</Subject>
		<Message>Message : None</Message>
	</EMAIL>
	<EMAIL>
		<uiIndex>28</uiIndex>
		<Subject>Subject: None</Subject>
		<Message>Message : None</Message>
	</EMAIL>
	<EMAIL>
		<uiIndex>29</uiIndex>
		<Subject>Subject: None</Subject>
		<Message>Message : None</Message>
	</EMAIL>
	<EMAIL>
		<uiIndex>30</uiIndex>
		<Subject>Subject: None</Subject>
		<Message>Message : None</Message>
	</EMAIL>
	<EMAIL>
		<uiIndex>31</uiIndex>
		<Subject>Subject: None</Subject>
		<Message>Message : None</Message>
	</EMAIL>
	<EMAIL>
		<uiIndex>32</uiIndex>
		<Subject>Subject: None</Subject>
		<Message>Message : None</Message>
	</EMAIL>
	<EMAIL>
		<uiIndex>33</uiIndex>
		<Subject>Subject: None</Subject>
		<Message>Message : None</Message>
	</EMAIL>
	<EMAIL>
		<uiIndex>34</uiIndex>
		<Subject>Subject: None</Subject>
		<Message>Message : None</Message>
	</EMAIL>
	<EMAIL>
		<uiIndex>35</uiIndex>
		<Subject>Subject: None</Subject>
		<Message>Message : None</Message>
	</EMAIL>
	<EMAIL>
		<uiIndex>36</uiIndex>
		<Subject>Subject: None</Subject>
		<Message>Message : None</Message>
	</EMAIL>
	<EMAIL>
		<uiIndex>37</uiIndex>
		<Subject>Subject: None</Subject>
		<Message>Message : None</Message>
	</EMAIL>
	<EMAIL>
		<uiIndex>38</uiIndex>
		<Subject>Subject: None</Subject>
		<Message>Message : None</Message>
	</EMAIL>
	<EMAIL>
		<uiIndex>39</uiIndex>
		<Subject>Subject: None</Subject>
		<Message>Message : None</Message>
	</EMAIL>
	<EMAIL>
		<!-- Biff -->
		<uiIndex>40</uiIndex>
		<Subject>Notice of Fee Increase</Subject>
		<Message>Hereby be informed that due to Biff's past performance his fees for services rendered have undergone an increase. Personally, I'm not surprised. ± ± Speck T. Kline ± </Message>
	</EMAIL>
	<EMAIL>
		<!-- Haywire -->
		<uiIndex>41</uiIndex>
		<Subject>Notice of Fee Increase</Subject>
		<Message>This notice is to inform you that due to Haywire's exemplary performance his fees have been revised. Effective immediately there will be an increase to his salary. ± ± Speck T. Kline ± </Message>
	</EMAIL>
	<EMAIL>
		<!-- Gasket -->
		<uiIndex>42</uiIndex>
		<Subject>Notice of Fee Increase</Subject>
		<Message>Please be advised that, as of this moment, Gasket's fees for services rendered have increased to coincide with the increase in his abilities. ± ± Speck T. Kline ± </Message>
	</EMAIL>
	<EMAIL>
		<!-- Razor -->
		<uiIndex>43</uiIndex>
		<Subject>Notice of Fee Increase</Subject>
		<Message>Please be advised that Razor's experience entitles him to more equitable compensation. He's fees have therefore been increased to more accurately reflect his worth. ± ± Speck T. Kline ± </Message>
	</EMAIL>
	<EMAIL>
		<!-- Flo -->
		<uiIndex>44</uiIndex>
		<Subject>Notice of Fee Increase</Subject>
		<Message>Please consider yourself advised that Flo's improvement in the field merits an improvement in her compensation.  ± ± Speck T. Kline ± </Message>
	</EMAIL>
	<EMAIL>
		<!-- Gumpy -->
		<uiIndex>45</uiIndex>
		<Subject>Notice of Fee Increase</Subject>
		<Message>Please take note. Due to the improved performance of Gumpy his fees for services rendered have undergone an increase. ± ± Speck T. Kline ± </Message>
	</EMAIL>
	<EMAIL>
		<!-- Larry -->
		<uiIndex>46</uiIndex>
		<Subject>Notice of Fee Increase</Subject>
		<Message>Please be advised, in consideration of Larry's dedication and experience his daily fee has been increased. ± ± Speck T. Kline ± </Message>
	</EMAIL>
	<EMAIL>
		<!-- Larry Drunk -->
		<uiIndex>47</uiIndex>
		<Subject>Notice of Fee Increase</Subject>
		<Message>Please be advised, in consideration of Larry's dedication and experience his daily fee has been increased. ± ± Speck T. Kline ± </Message>
	</EMAIL>
	<EMAIL>
		<!-- Cougar -->
		<uiIndex>48</uiIndex>
		<Subject>Notice of Fee Increase</Subject>
		<Message>Please consider yourself notified that Cougar's exceptional service to date warrants an increase to his daily fee, effective immediately. ± ± Speck T. Kline ± </Message>
	</EMAIL>
	<EMAIL>
		<!-- Numb -->
		<uiIndex>49</uiIndex>
		<Subject>Notice of Fee Increase</Subject>
		<Message>Please consider this correspondance legal notice. Numb's daily fee has been increased to account for his improved performance. ± ± Speck T. Kline ± </Message>
	</EMAIL>
	<EMAIL>
		<!-- Bubba -->
		<uiIndex>50</uiIndex>
		<Subject>Notice of Fee Increase</Subject>
		<Message>This is a legal notice that Bubba's fees for services provided has been increased to properly reflect his abilities. ± ± Speck T. Kline ± </Message>
	</EMAIL>
	<EMAIL>
		<uiIndex>51</uiIndex>
		<Subject>Subject: None</Subject>
		<Message>Message : None</Message>
	</EMAIL>
	<EMAIL>
		<uiIndex>52</uiIndex>
		<Subject>Subject: None</Subject>
		<Message>Message : None</Message>
	</EMAIL>
	<EMAIL>
		<uiIndex>53</uiIndex>
		<Subject>Subject: None</Subject>
		<Message>Message : None</Message>
	</EMAIL>
	<EMAIL>
		<uiIndex>54</uiIndex>
		<Subject>Subject: None</Subject>
		<Message>Message : None</Message>
	</EMAIL>
	<EMAIL>
		<uiIndex>55</uiIndex>
		<Subject>Subject: None</Subject>
		<Message>Message : None</Message>
	</EMAIL>
	<EMAIL>
		<uiIndex>56</uiIndex>
		<Subject>Subject: None</Subject>
		<Message>Message : None</Message>
	</EMAIL>
	<EMAIL>
		<uiIndex>57</uiIndex>
		<Subject>Subject: None</Subject>
		<Message>Message : None</Message>
	</EMAIL>
	<EMAIL>
		<!-- Gaston -->
		<uiIndex>58</uiIndex>
		<Subject>Notice of Fee Increase</Subject>
		<Message>Hereby be informed that due to Gastons's past performance his fees for services rendered have undergone an increase. Personally, I'm not surprised. ± ± Speck T. Kline ± </Message>
	</EMAIL>
	<EMAIL>
		<!-- Stogie -->
		<uiIndex>59</uiIndex>
		<Subject>Notice of Fee Increase</Subject>
		<Message>Please be advised that, as of this moment, Stogies's fees for services rendered have increased to coincide with the increase in his abilities. ± ± Speck T. Kline ± </Message>
	</EMAIL>
	<EMAIL>
		<uiIndex>60</uiIndex>
		<Subject>Subject: None</Subject>
		<Message>Message : None</Message>
	</EMAIL>
	<EMAIL>
		<uiIndex>61</uiIndex>
		<Subject>Subject: None</Subject>
		<Message>Message : None</Message>
	</EMAIL>
	<EMAIL>
		<uiIndex>62</uiIndex>
		<Subject>Subject: None</Subject>
		<Message>Message : None</Message>
	</EMAIL>
	<EMAIL>
		<uiIndex>63</uiIndex>
		<Subject>Subject: None</Subject>
		<Message>Message : None</Message>
	</EMAIL>
	<EMAIL>
		<uiIndex>64</uiIndex>
		<Subject>Subject: None</Subject>
		<Message>Message : None</Message>
	</EMAIL>
	<EMAIL>
		<uiIndex>65</uiIndex>
		<Subject>Subject: None</Subject>
		<Message>Message : None</Message>
	</EMAIL>
	<EMAIL>
		<uiIndex>66</uiIndex>
		<Subject>Subject: None</Subject>
		<Message>Message : None</Message>
	</EMAIL>
	<EMAIL>
		<uiIndex>67</uiIndex>
		<Subject>Subject: None</Subject>
		<Message>Message : None</Message>
	</EMAIL>
	<EMAIL>
		<uiIndex>68</uiIndex>
		<Subject>Subject: None</Subject>
		<Message>Message : None</Message>
	</EMAIL>
	<EMAIL>
		<uiIndex>69</uiIndex>
		<Subject>Subject: None</Subject>
		<Message>Message : None</Message>
	</EMAIL>
	<EMAIL>
		<uiIndex>70</uiIndex>
		<Subject>Subject: None</Subject>
		<Message>Message : None</Message>
	</EMAIL>
	<EMAIL>
		<uiIndex>71</uiIndex>
		<Subject>Subject: None</Subject>
		<Message>Message : None</Message>
	</EMAIL>
	<EMAIL>
		<uiIndex>72</uiIndex>
		<Subject>Subject: None</Subject>
		<Message>Message : None</Message>
	</EMAIL>
	<EMAIL>
		<uiIndex>73</uiIndex>
		<Subject>Subject: None</Subject>
		<Message>Message : None</Message>
	</EMAIL>
	<EMAIL>
		<uiIndex>74</uiIndex>
		<Subject>Subject: None</Subject>
		<Message>Message : None</Message>
	</EMAIL>
	<EMAIL>
		<uiIndex>75</uiIndex>
		<Subject>Subject: None</Subject>
		<Message>Message : None</Message>
	</EMAIL>
	<EMAIL>
		<uiIndex>76</uiIndex>
		<Subject>Subject: None</Subject>
		<Message>Message : None</Message>
	</EMAIL>
	<EMAIL>
		<uiIndex>77</uiIndex>
		<Subject>Subject: None</Subject>
		<Message>Message : None</Message>
	</EMAIL>
	<EMAIL>
		<uiIndex>78</uiIndex>
		<Subject>Subject: None</Subject>
		<Message>Message : None</Message>
	</EMAIL>
	<EMAIL>
		<uiIndex>79</uiIndex>
		<Subject>Subject: None</Subject>
		<Message>Message : None</Message>
	</EMAIL>
	<EMAIL>
		<uiIndex>80</uiIndex>
		<Subject>Subject: None</Subject>
		<Message>Message : None</Message>
	</EMAIL>
	<EMAIL>
		<uiIndex>81</uiIndex>
		<Subject>Subject: None</Subject>
		<Message>Message : None</Message>
	</EMAIL>
	<EMAIL>
		<uiIndex>82</uiIndex>
		<Subject>Subject: None</Subject>
		<Message>Message : None</Message>
	</EMAIL>
	<EMAIL>
		<uiIndex>83</uiIndex>
		<Subject>Subject: None</Subject>
		<Message>Message : None</Message>
	</EMAIL>
	<EMAIL>
		<uiIndex>84</uiIndex>
		<Subject>Subject: None</Subject>
		<Message>Message : None</Message>
	</EMAIL>
	<EMAIL>
		<uiIndex>85</uiIndex>
		<Subject>Subject: None</Subject>
		<Message>Message : None</Message>
	</EMAIL>
	<EMAIL>
		<uiIndex>86</uiIndex>
		<Subject>Subject: None</Subject>
		<Message>Message : None</Message>
	</EMAIL>
	<EMAIL>
		<uiIndex>87</uiIndex>
		<Subject>Subject: None</Subject>
		<Message>Message : None</Message>
	</EMAIL>
	<EMAIL>
		<uiIndex>88</uiIndex>
		<Subject>Subject: None</Subject>
		<Message>Message : None</Message>
	</EMAIL>
	<EMAIL>
		<uiIndex>89</uiIndex>
		<Subject>Subject: None</Subject>
		<Message>Message : None</Message>
	</EMAIL>
	<EMAIL>
		<uiIndex>90</uiIndex>
		<Subject>Subject: None</Subject>
		<Message>Message : None</Message>
	</EMAIL>
	<EMAIL>
		<uiIndex>91</uiIndex>
		<Subject>Subject: None</Subject>
		<Message>Message : None</Message>
	</EMAIL>
	<EMAIL>
		<uiIndex>92</uiIndex>
		<Subject>Subject: None</Subject>
		<Message>Message : None</Message>
	</EMAIL>
	<EMAIL>
		<uiIndex>93</uiIndex>
		<Subject>Subject: None</Subject>
		<Message>Message : None</Message>
	</EMAIL>
	<EMAIL>
		<uiIndex>94</uiIndex>
		<Subject>Subject: None</Subject>
		<Message>Message : None</Message>
	</EMAIL>
	<EMAIL>
		<uiIndex>95</uiIndex>
		<Subject>Subject: None</Subject>
		<Message>Message : None</Message>
	</EMAIL>
	<EMAIL>
		<uiIndex>96</uiIndex>
		<Subject>Subject: None</Subject>
		<Message>Message : None</Message>
	</EMAIL>
	<EMAIL>
		<uiIndex>97</uiIndex>
		<Subject>Subject: None</Subject>
		<Message>Message : None</Message>
	</EMAIL>
	<EMAIL>
		<uiIndex>98</uiIndex>
		<Subject>Subject: None</Subject>
		<Message>Message : None</Message>
	</EMAIL>
	<EMAIL>
		<uiIndex>99</uiIndex>
		<Subject>Subject: None</Subject>
		<Message>Message : None</Message>
	</EMAIL>
	<EMAIL>
		<uiIndex>100</uiIndex>
		<Subject>Subject: None</Subject>
		<Message>Message : None</Message>
	</EMAIL>
	<EMAIL>
		<uiIndex>101</uiIndex>
		<Subject>Subject: None</Subject>
		<Message>Message : None</Message>
	</EMAIL>
	<EMAIL>
		<uiIndex>102</uiIndex>
		<Subject>Subject: None</Subject>
		<Message>Message : None</Message>
	</EMAIL>
	<EMAIL>
		<uiIndex>103</uiIndex>
		<Subject>Subject: None</Subject>
		<Message>Message : None</Message>
	</EMAIL>
	<EMAIL>
		<uiIndex>104</uiIndex>
		<Subject>Subject: None</Subject>
		<Message>Message : None</Message>
	</EMAIL>
	<EMAIL>
		<uiIndex>105</uiIndex>
		<Subject>Subject: None</Subject>
		<Message>Message : None</Message>
	</EMAIL>
	<EMAIL>
		<uiIndex>106</uiIndex>
		<Subject>Subject: None</Subject>
		<Message>Message : None</Message>
	</EMAIL>
	<EMAIL>
		<uiIndex>107</uiIndex>
		<Subject>Subject: None</Subject>
		<Message>Message : None</Message>
	</EMAIL>
	<EMAIL>
		<uiIndex>108</uiIndex>
		<Subject>Subject: None</Subject>
		<Message>Message : None</Message>
	</EMAIL>
	<EMAIL>
		<uiIndex>109</uiIndex>
		<Subject>Subject: None</Subject>
		<Message>Message : None</Message>
	</EMAIL>
	<EMAIL>
		<uiIndex>110</uiIndex>
		<Subject>Subject: None</Subject>
		<Message>Message : None</Message>
	</EMAIL>
	<EMAIL>
		<uiIndex>111</uiIndex>
		<Subject>Subject: None</Subject>
		<Message>Message : None</Message>
	</EMAIL>
	<EMAIL>
		<uiIndex>112</uiIndex>
		<Subject>Subject: None</Subject>
		<Message>Message : None</Message>
	</EMAIL>
	<EMAIL>
		<uiIndex>113</uiIndex>
		<Subject>Subject: None</Subject>
		<Message>Message : None</Message>
	</EMAIL>
	<EMAIL>
		<uiIndex>114</uiIndex>
		<Subject>Subject: None</Subject>
		<Message>Message : None</Message>
	</EMAIL>
	<EMAIL>
		<uiIndex>115</uiIndex>
		<Subject>Subject: None</Subject>
		<Message>Message : None</Message>
	</EMAIL>
	<EMAIL>
		<uiIndex>116</uiIndex>
		<Subject>Subject: None</Subject>
		<Message>Message : None</Message>
	</EMAIL>
	<EMAIL>
		<uiIndex>117</uiIndex>
		<Subject>Subject: None</Subject>
		<Message>Message : None</Message>
	</EMAIL>
	<EMAIL>
		<uiIndex>118</uiIndex>
		<Subject>Subject: None</Subject>
		<Message>Message : None</Message>
	</EMAIL>
	<EMAIL>
		<uiIndex>119</uiIndex>
		<Subject>Subject: None</Subject>
		<Message>Message : None</Message>
	</EMAIL>
	<EMAIL>
		<uiIndex>120</uiIndex>
		<Subject>Subject: None</Subject>
		<Message>Message : None</Message>
	</EMAIL>
	<EMAIL>
		<uiIndex>121</uiIndex>
		<Subject>Subject: None</Subject>
		<Message>Message : None</Message>
	</EMAIL>
	<EMAIL>
		<uiIndex>122</uiIndex>
		<Subject>Subject: None</Subject>
		<Message>Message : None</Message>
	</EMAIL>
	<EMAIL>
		<uiIndex>123</uiIndex>
		<Subject>Subject: None</Subject>
		<Message>Message : None</Message>
	</EMAIL>
	<EMAIL>
		<uiIndex>124</uiIndex>
		<Subject>Subject: None</Subject>
		<Message>Message : None</Message>
	</EMAIL>
	<EMAIL>
		<uiIndex>125</uiIndex>
		<Subject>Subject: None</Subject>
		<Message>Message : None</Message>
	</EMAIL>
	<EMAIL>
		<uiIndex>126</uiIndex>
		<Subject>Subject: None</Subject>
		<Message>Message : None</Message>
	</EMAIL>
	<EMAIL>
		<uiIndex>127</uiIndex>
		<Subject>Subject: None</Subject>
		<Message>Message : None</Message>
	</EMAIL>
	<EMAIL>
		<uiIndex>128</uiIndex>
		<Subject>Subject: None</Subject>
		<Message>Message : None</Message>
	</EMAIL>
	<EMAIL>
		<uiIndex>129</uiIndex>
		<Subject>Subject: None</Subject>
		<Message>Message : None</Message>
	</EMAIL>
	<EMAIL>
		<uiIndex>130</uiIndex>
		<Subject>Subject: None</Subject>
		<Message>Message : None</Message>
	</EMAIL>
	<EMAIL>
		<uiIndex>131</uiIndex>
		<Subject>Subject: None</Subject>
		<Message>Message : None</Message>
	</EMAIL>
	<EMAIL>
		<uiIndex>132</uiIndex>
		<Subject>Subject: None</Subject>
		<Message>Message : None</Message>
	</EMAIL>
	<EMAIL>
		<uiIndex>133</uiIndex>
		<Subject>Subject: None</Subject>
		<Message>Message : None</Message>
	</EMAIL>
	<EMAIL>
		<uiIndex>134</uiIndex>
		<Subject>Subject: None</Subject>
		<Message>Message : None</Message>
	</EMAIL>
	<EMAIL>
		<uiIndex>135</uiIndex>
		<Subject>Subject: None</Subject>
		<Message>Message : None</Message>
	</EMAIL>
	<EMAIL>
		<uiIndex>136</uiIndex>
		<Subject>Subject: None</Subject>
		<Message>Message : None</Message>
	</EMAIL>
	<EMAIL>
		<uiIndex>137</uiIndex>
		<Subject>Subject: None</Subject>
		<Message>Message : None</Message>
	</EMAIL>
	<EMAIL>
		<uiIndex>138</uiIndex>
		<Subject>Subject: None</Subject>
		<Message>Message : None</Message>
	</EMAIL>
	<EMAIL>
		<uiIndex>139</uiIndex>
		<Subject>Subject: None</Subject>
		<Message>Message : None</Message>
	</EMAIL>
	<EMAIL>
		<uiIndex>140</uiIndex>
		<Subject>Subject: None</Subject>
		<Message>Message : None</Message>
	</EMAIL>
	<EMAIL>
		<uiIndex>141</uiIndex>
		<Subject>Subject: None</Subject>
		<Message>Message : None</Message>
	</EMAIL>
	<EMAIL>
		<uiIndex>142</uiIndex>
		<Subject>Subject: None</Subject>
		<Message>Message : None</Message>
	</EMAIL>
	<EMAIL>
		<uiIndex>143</uiIndex>
		<Subject>Subject: None</Subject>
		<Message>Message : None</Message>
	</EMAIL>
	<EMAIL>
		<uiIndex>144</uiIndex>
		<Subject>Subject: None</Subject>
		<Message>Message : None</Message>
	</EMAIL>
	<EMAIL>
		<uiIndex>145</uiIndex>
		<Subject>Subject: None</Subject>
		<Message>Message : None</Message>
	</EMAIL>
	<EMAIL>
		<uiIndex>146</uiIndex>
		<Subject>Subject: None</Subject>
		<Message>Message : None</Message>
	</EMAIL>
	<EMAIL>
		<uiIndex>147</uiIndex>
		<Subject>Subject: None</Subject>
		<Message>Message : None</Message>
	</EMAIL>
	<EMAIL>
		<uiIndex>148</uiIndex>
		<Subject>Subject: None</Subject>
		<Message>Message : None</Message>
	</EMAIL>
	<EMAIL>
		<uiIndex>149</uiIndex>
		<Subject>Subject: None</Subject>
		<Message>Message : None</Message>
	</EMAIL>
	<EMAIL>
		<uiIndex>150</uiIndex>
		<Subject>Subject: None</Subject>
		<Message>Message : None</Message>
	</EMAIL>
	<EMAIL>
		<uiIndex>151</uiIndex>
		<Subject>Subject: None</Subject>
		<Message>Message : None</Message>
	</EMAIL>
	<EMAIL>
		<uiIndex>152</uiIndex>
		<Subject>Subject: None</Subject>
		<Message>Message : None</Message>
	</EMAIL>
	<EMAIL>
		<uiIndex>153</uiIndex>
		<Subject>Subject: None</Subject>
		<Message>Message : None</Message>
	</EMAIL>
	<EMAIL>
		<uiIndex>154</uiIndex>
		<Subject>Subject: None</Subject>
		<Message>Message : None</Message>
	</EMAIL>
	<EMAIL>
		<uiIndex>155</uiIndex>
		<Subject>Subject: None</Subject>
		<Message>Message : None</Message>
	</EMAIL>
	<EMAIL>
		<uiIndex>156</uiIndex>
		<Subject>Subject: None</Subject>
		<Message>Message : None</Message>
	</EMAIL>
	<EMAIL>
		<uiIndex>157</uiIndex>
		<Subject>Subject: None</Subject>
		<Message>Message : None</Message>
	</EMAIL>
	<EMAIL>
		<uiIndex>158</uiIndex>
		<Subject>Subject: None</Subject>
		<Message>Message : None</Message>
	</EMAIL>
	<EMAIL>
		<uiIndex>159</uiIndex>
		<Subject>Subject: None</Subject>
		<Message>Message : None</Message>
	</EMAIL>
	<EMAIL>
		<uiIndex>160</uiIndex>
		<Subject>Subject: None</Subject>
		<Message>Message : None</Message>
	</EMAIL>
	<EMAIL>
		<uiIndex>161</uiIndex>
		<Subject>Subject: None</Subject>
		<Message>Message : None</Message>
	</EMAIL>
	<EMAIL>
		<uiIndex>162</uiIndex>
		<Subject>Subject: None</Subject>
		<Message>Message : None</Message>
	</EMAIL>
	<EMAIL>
		<uiIndex>163</uiIndex>
		<Subject>Subject: None</Subject>
		<Message>Message : None</Message>
	</EMAIL>
	<EMAIL>
		<uiIndex>164</uiIndex>
		<Subject>Subject: None</Subject>
		<Message>Message : None</Message>
	</EMAIL>
	<EMAIL>
		<!-- Gaston -->
		<uiIndex>165</uiIndex>
		<Subject>Notice of Fee Increase</Subject>
		<Message>Hereby be informed that due to Gastons's past performance his fees for services rendered have undergone an increase. Personally, I'm not surprised. ± ± Speck T. Kline ± </Message>
	</EMAIL>
	<EMAIL>
		<!-- Stogie -->
		<uiIndex>166</uiIndex>
		<Subject>Notice of Fee Increase</Subject>
		<Message>Please be advised that, as of this moment, Stogies's fees for services rendered have increased to coincide with the increase in his abilities. ± ± Speck T. Kline ± </Message>
	</EMAIL>
	<EMAIL>
		<!-- Tex -->
		<uiIndex>167</uiIndex>
		<Subject>Notice of Fee Increase</Subject>
		<Message>Please be advised that Tex's experience entitles him to more equitable compensation. He's fees have therefore been increased to more accurately reflect his worth. ± ± Speck T. Kline ± </Message>
	</EMAIL>
	<EMAIL>
		<!-- Biggens -->
		<uiIndex>168</uiIndex>
		<Subject>Notice of Fee Increase</Subject>
		<Message>Please take note. Due to the improved performance of Biggens his fees for services rendered have undergone an increase. ± ± Speck T. Kline ± </Message>
	</EMAIL>
	<EMAIL>
		<uiIndex>169</uiIndex>
		<Subject>Subject: None</Subject>
		<Message>Message : None</Message>
	</EMAIL>
	<EMAIL>
		<uiIndex>170</uiIndex>
		<Subject>Subject: None</Subject>
		<Message>Message : None</Message>
	</EMAIL>
	<EMAIL>
		<uiIndex>171</uiIndex>
		<Subject>Subject: None</Subject>
		<Message>Message : None</Message>
	</EMAIL>
	<EMAIL>
		<uiIndex>172</uiIndex>
		<Subject>Subject: None</Subject>
		<Message>Message : None</Message>
	</EMAIL>
	<EMAIL>
		<uiIndex>173</uiIndex>
		<Subject>Subject: None</Subject>
		<Message>Message : None</Message>
	</EMAIL>
	<EMAIL>
		<uiIndex>174</uiIndex>
		<Subject>Subject: None</Subject>
		<Message>Message : None</Message>
	</EMAIL>
	<EMAIL>
		<uiIndex>175</uiIndex>
		<Subject>Subject: None</Subject>
		<Message>Message : None</Message>
	</EMAIL>
	<EMAIL>
		<uiIndex>176</uiIndex>
		<Subject>Subject: None</Subject>
		<Message>Message : None</Message>
	</EMAIL>
	<EMAIL>
		<uiIndex>177</uiIndex>
		<Subject>Subject: None</Subject>
		<Message>Message : None</Message>
	</EMAIL>
	<EMAIL>
		<!-- Spooky -->
		<uiIndex>178</uiIndex>
		<Subject>Notice of Fee Increase</Subject>
		<Message>Please take note. Due to the improved performance of Spooky his fees for services rendered have been increased. ± ± Speck T. Kline ± </Message>
	</EMAIL>
	<EMAIL>
	<!-- Skitz-->
		<uiIndex>179</uiIndex>
		<Subject>Notice of Fee Increase</Subject>
		<Message>Please take note. Due to the improved performance of Skitz his salary has been increased. ± ± Speck T. Kline ± </Message>
	</EMAIL>
	<EMAIL>
	<!-- Weasel -->
		<uiIndex>180</uiIndex>
		<Subject>Notice of Fee Increase</Subject>
		<Message>Please take note. Due to the improved performance of Weasel his wages for services rendered have been increased. ± ± Speck T. Kline ± </Message>
	</EMAIL>
	<EMAIL>
	<!-- It -->
		<uiIndex>181</uiIndex>
		<Subject>Notice of Fee Increase</Subject>
		<Message>Please take note. Improved performance of It entitles him to increased salary. ± ± Speck T. Kline ± </Message>
	</EMAIL>
	<EMAIL>
	<!-- Bernie -->
		<uiIndex>182</uiIndex>
		<Subject>Notice of Fee Increase</Subject>
		<Message>Please be advised that Bernie's experience entitles him to more equitable compensation. His wages for services rendered have been increased. ± ± Speck T. Kline ± </Message>
	</EMAIL>
	<EMAIL>
	<!-- Pops -->
		<uiIndex>183</uiIndex>
		<Subject>Notice of Fee Increase</Subject>
		<Message>Please be advised that Pops's experience entitles him to more equitable compensation. His wages for services rendered have been increased. ± ± Speck T. Kline ± </Message>
	</EMAIL>
	<EMAIL>
	<!-- Wally -->
		<uiIndex>184</uiIndex>
		<Subject>Notice of Fee Increase</Subject>
		<Message>Please be advised that Wally's extraordinary battlefield experience requires more equitable compensation. His wages for services rendered have been increased. ± ± Speck T. Kline ± </Message>
	</EMAIL>
	<EMAIL>
	<!-- Eli -->
		<uiIndex>185</uiIndex>
		<Subject>Notice of Fee Increase</Subject>
		<Message>Please be advised that Eli's outstanding performance warrants an increase in salary. His wages have been increased. ± ± Speck T. Kline ± </Message>
	</EMAIL>
	<EMAIL>
		<uiIndex>186</uiIndex>
		<Subject>Subject: None</Subject>
		<Message>Message : None</Message>
	</EMAIL>
	<EMAIL>
		<uiIndex>187</uiIndex>
		<Subject>Subject: None</Subject>
		<Message>Message : None</Message>
	</EMAIL>
	<EMAIL>
	<!-- Lance -->
		<uiIndex>188</uiIndex>
		<Subject>Notice of Fee Increase</Subject>
		<Message>Please be advised that Lance's progressively better performance no the battlefield deserves an increase in salary. ± ± Speck T. Kline ± </Message>
	</EMAIL>
	<EMAIL>
	<!-- Raffi -->
		<uiIndex>189</uiIndex>
		<Subject>Notice of Fee Increase</Subject>
		<Message>Please consider yourself informed that Dr. Leevon's exceptional service entitles him to more equitable compensation. His wages have been increased. ± ± Speck T. Kline ± </Message>
	</EMAIL>
	<EMAIL>
	<!-- Wink -->
		<uiIndex>190</uiIndex>
		<Subject>Notice of Fee Increase</Subject>
		<Message>Due to Wink's outstanding performance and massive gain in experience his salary has been recalculated. ± ± Speck T. Kline ± </Message>
	</EMAIL>
	<EMAIL>
		<!-- Speck -->
		<uiIndex>191</uiIndex>
		<Subject>Notice of Fee Increase</Subject>
		<Message>Due to my outstanding performance on the battlefield, I feel obliged to inform you that my salary has been increased. ± ± Speck T. Kline ± </Message>
	</EMAIL>
	<EMAIL>
		<uiIndex>192</uiIndex>
		<Subject>Subject: None</Subject>
		<Message>Message : None</Message>
	</EMAIL>
	<EMAIL>
		<uiIndex>193</uiIndex>
		<Subject>Subject: None</Subject>
		<Message>Message : None</Message>
	</EMAIL>
	<EMAIL>
		<uiIndex>194</uiIndex>
		<Subject>Subject: None</Subject>
		<Message>Message : None</Message>
	</EMAIL>
	<EMAIL>
		<!-- John Kulba -->
		<uiIndex>195</uiIndex>
		<Subject>Notice of Fee Increase</Subject>
		<Message>Due to John Kulba's outstanding performance and massive gain in experience his salary has been recalculated. ± ± Speck T. Kline ± </Message>
	</EMAIL>
	<EMAIL>
		<!-- Elio -->
		<uiIndex>196</uiIndex>
		<Subject>Notice of Fee Increase</Subject>
		<Message>Please be advised that Elio's progressively better performance no the battlefield deserves an increase in salary. ± ± Speck T. Kline ± </Message>
	</EMAIL>
	<EMAIL>
		<!-- Juan -->
		<uiIndex>197</uiIndex>
		<Subject>Notice of Fee Increase</Subject>
		<Message>Please consider yourself informed that Juan's exceptional service entitles him to more equitable compensation. His wages have been increased. ± ± Speck T. Kline ± </Message>
	</EMAIL>
	<EMAIL>
		<!-- Wahan -->
		<uiIndex>198</uiIndex>
		<Subject>Notice of Fee Increase</Subject>
		<Message>Please take note. Due to the improved performance of Wahan his wages for services rendered have been increased. ± ± Speck T. Kline ± </Message>
	</EMAIL>
	<EMAIL>
		<uiIndex>199</uiIndex>
		<Subject>Subject: None</Subject>
		<Message>Message : None</Message>
	</EMAIL>
	<EMAIL>
		<uiIndex>200</uiIndex>
		<Subject>Subject: None</Subject>
		<Message>Message : None</Message>
	</EMAIL>
	<EMAIL>
		<uiIndex>201</uiIndex>
		<Subject>Subject: None</Subject>
		<Message>Message : None</Message>
	</EMAIL>
	<EMAIL>
		<uiIndex>202</uiIndex>
		<Subject>Subject: None</Subject>
		<Message>Message : None</Message>
	</EMAIL>
	<EMAIL>
		<uiIndex>203</uiIndex>
		<Subject>Subject: None</Subject>
		<Message>Message : None</Message>
	</EMAIL>
	<EMAIL>
		<uiIndex>204</uiIndex>
		<Subject>Subject: None</Subject>
		<Message>Message : None</Message>
	</EMAIL>
	<EMAIL>
		<uiIndex>205</uiIndex>
		<Subject>Subject: None</Subject>
		<Message>Message : None</Message>
	</EMAIL>
	<EMAIL>
		<uiIndex>206</uiIndex>
		<Subject>Subject: None</Subject>
		<Message>Message : None</Message>
	</EMAIL>
	<EMAIL>
		<uiIndex>207</uiIndex>
		<Subject>Subject: None</Subject>
		<Message>Message : None</Message>
	</EMAIL>
	<EMAIL>
		<uiIndex>208</uiIndex>
		<Subject>Subject: None</Subject>
		<Message>Message : None</Message>
	</EMAIL>
	<EMAIL>
		<uiIndex>209</uiIndex>
		<Subject>Subject: None</Subject>
		<Message>Message : None</Message>
	</EMAIL>
	<EMAIL>
		<uiIndex>210</uiIndex>
		<Subject>Subject: None</Subject>
		<Message>Message : None</Message>
	</EMAIL>
	<EMAIL>
		<uiIndex>211</uiIndex>
		<Subject>Subject: None</Subject>
		<Message>Message : None</Message>
	</EMAIL>
	<EMAIL>
		<uiIndex>212</uiIndex>
		<Subject>Subject: None</Subject>
		<Message>Message : None</Message>
	</EMAIL>
	<EMAIL>
		<uiIndex>213</uiIndex>
		<Subject>Subject: None</Subject>
		<Message>Message : None</Message>
	</EMAIL>
	<EMAIL>
		<uiIndex>214</uiIndex>
		<Subject>Subject: None</Subject>
		<Message>Message : None</Message>
	</EMAIL>
	<EMAIL>
		<uiIndex>215</uiIndex>
		<Subject>Subject: None</Subject>
		<Message>Message : None</Message>
	</EMAIL>
	<EMAIL>
		<uiIndex>216</uiIndex>
		<Subject>Subject: None</Subject>
		<Message>Message : None</Message>
	</EMAIL>
	<EMAIL>
		<uiIndex>217</uiIndex>
		<Subject>Subject: None</Subject>
		<Message>Message : None</Message>
	</EMAIL>
	<EMAIL>
		<uiIndex>218</uiIndex>
		<Subject>Subject: None</Subject>
		<Message>Message : None</Message>
	</EMAIL>
	<EMAIL>
		<uiIndex>219</uiIndex>
		<Subject>Subject: None</Subject>
		<Message>Message : None</Message>
	</EMAIL>
	<EMAIL>
		<uiIndex>220</uiIndex>
		<Subject>Notice of Fee Increase</Subject>
		<Message>Please take note. As of this moment, Postie's fees for services rendered have increased to coincide with the increase in his abilities. ± ± Speck T. Kline ± </Message>
	</EMAIL>
	<EMAIL>
		<uiIndex>221</uiIndex>
		<Subject>Notice of Fee Increase</Subject>
		<Message>Please take note, due to the improvement in Reuban's performance his compensation for services render has undergone a revaluation.  ± ± Speck T. Kline ± </Message>
	</EMAIL>
	<EMAIL>
		<uiIndex>222</uiIndex>
		<Subject>Notice of Fee Increase</Subject>
		<Message>Please take note, due to the improvement in Leon's performance his compensation for services render has undergone a revaluation.  ± ± Speck T. Kline ± </Message>
	</EMAIL>
	<EMAIL>
		<uiIndex>223</uiIndex>
		<Subject>Notice of Fee Increase</Subject>
		<Message>Please do not answer. Following Gary's personal improvement, his fees for services rendered have been reestimated.  ± ± Speck T. Kline ± </Message>
	</EMAIL>
	<EMAIL>
		<uiIndex>224</uiIndex>
		<Subject>Notice of Fee Increase</Subject>
		<Message>Please take note of this notification. Due to Sparky's significantly improved performance her salary has been increased.  ± ± Speck T. Kline ± </Message>
	</EMAIL>
	<EMAIL>
		<uiIndex>225</uiIndex>
		<Subject>Notice of Fee Increase</Subject>
		<Message>Please consider yourself informed that Beth's improved performance entitles her to wages' reconsideration.  ± ± Speck T. Kline ± </Message>
	</EMAIL>
	<EMAIL>
		<uiIndex>226</uiIndex>
		<Subject>Notice of Fee Increase</Subject>
		<Message>This notice is to inform you that due to Sam's exemplary performance his fees have been revised. Effective immediately there will be an increase to his salary.  ± ± Speck T. Kline ± </Message>
	</EMAIL>
	<EMAIL>
	<!-- Hurl -->
		<uiIndex>227</uiIndex>
		<Subject>Notice of Fee Increase</Subject>
		<Message>This notice is to inform you that due to Hurl's exceptional effectiveness his salary has undergone a significant recalculation.  ± ± Speck T. Kline ± </Message>
	</EMAIL>
	<EMAIL>
		<uiIndex>228</uiIndex>
		<Subject>Subject: None</Subject>
		<Message>Message : None</Message>
	</EMAIL>
	<EMAIL>
		<uiIndex>229</uiIndex>
		<Subject>Subject: None</Subject>
		<Message>Message : None</Message>
	</EMAIL>
	<EMAIL>
		<uiIndex>230</uiIndex>
		<Subject>Subject: None</Subject>
		<Message>Message : None</Message>
	</EMAIL>
	<EMAIL>
		<uiIndex>231</uiIndex>
		<Subject>Subject: None</Subject>
		<Message>Message : None</Message>
	</EMAIL>
	<EMAIL>
		<uiIndex>232</uiIndex>
		<Subject>Subject: None</Subject>
		<Message>Message : None</Message>
	</EMAIL>
	<EMAIL>
		<uiIndex>233</uiIndex>
		<Subject>Subject: None</Subject>
		<Message>Message : None</Message>
	</EMAIL>
	<EMAIL>
		<uiIndex>234</uiIndex>
		<Subject>Subject: None</Subject>
		<Message>Message : None</Message>
	</EMAIL>
	<EMAIL>
		<uiIndex>235</uiIndex>
		<Subject>Subject: None</Subject>
		<Message>Message : None</Message>
	</EMAIL>
	<EMAIL>
		<uiIndex>236</uiIndex>
		<Subject>Subject: None</Subject>
		<Message>Message : None</Message>
	</EMAIL>
	<EMAIL>
		<uiIndex>237</uiIndex>
		<Subject>Subject: None</Subject>
		<Message>Message : None</Message>
	</EMAIL>
	<EMAIL>
		<uiIndex>238</uiIndex>
		<Subject>Subject: None</Subject>
		<Message>Message : None</Message>
	</EMAIL>
	<EMAIL>
		<uiIndex>239</uiIndex>
		<Subject>Subject: None</Subject>
		<Message>Message : None</Message>
	</EMAIL>
	<EMAIL>
		<uiIndex>240</uiIndex>
		<Subject>Subject: None</Subject>
		<Message>Message : None</Message>
	</EMAIL>
	<EMAIL>
		<uiIndex>241</uiIndex>
		<Subject>Subject: None</Subject>
		<Message>Message : None</Message>
	</EMAIL>
	<EMAIL>
		<uiIndex>242</uiIndex>
		<Subject>Subject: None</Subject>
		<Message>Message : None</Message>
	</EMAIL>
	<EMAIL>
		<uiIndex>243</uiIndex>
		<Subject>Subject: None</Subject>
		<Message>Message : None</Message>
	</EMAIL>
	<EMAIL>
		<uiIndex>244</uiIndex>
		<Subject>Notice of Fee Increase</Subject>
		<Message>Please be advised that Elroy's substantial experience gain entitles him to adequately substantial salary raise. ± ± Speck T. Kline ± </Message>
	</EMAIL>
	<EMAIL>
		<uiIndex>245</uiIndex>
		<Subject>Subject: None</Subject>
		<Message>Message : None</Message>
	</EMAIL>
	<EMAIL>
		<uiIndex>246</uiIndex>
		<Subject>Subject: None</Subject>
		<Message>Message : None</Message>
	</EMAIL>
	<EMAIL>
		<uiIndex>247</uiIndex>
		<Subject>Notice of Fee Increase</Subject>
		<Message>Please be informed that Reverend's wages have been increased due to exceptional improvement in his abilities. ± ± Speck T. Kline ± </Message>
	</EMAIL>
	<EMAIL>
		<uiIndex>248</uiIndex>
		<Subject>Subject: None</Subject>
		<Message>Message : None</Message>
	</EMAIL>
	<EMAIL>
		<uiIndex>249</uiIndex>
		<Subject>Notice of Fee Increase</Subject>
		<Message>Please consider yourself legally informed that due to improvement in Ears' perfomance his honorarium has been raised.  ± ± Speck T. Kline ± </Message>
	</EMAIL>
	<EMAIL>
		<uiIndex>250</uiIndex>
		<Subject>Subject: None</Subject>
		<Message>Message : None</Message>
	</EMAIL>
	<EMAIL>
		<uiIndex>251</uiIndex>
		<Subject>Subject: None</Subject>
		<Message>Message : None</Message>
	</EMAIL>
	<EMAIL>
		<!-- Dyno -->
		<uiIndex>252</uiIndex>
		<Subject>Notice of Fee Increase</Subject>
		<Message>Please consider yourself informed that due to improvement in Dyno's performance his salary requires reconsideration.  ± ± Speck T. Kline ± </Message>
	</EMAIL>
	<EMAIL>
		<!-- Turtle -->
		<uiIndex>253</uiIndex>
		<Subject>Notice of Fee Increase</Subject>
		<Message>Please be advised that due to Turtle's exceptional performance his wages have been recalculated.  ± ± Speck T. Kline ± </Message>
	</EMAIL>
	<EMAIL>
		<uiIndex>254</uiIndex>
		<Subject>Subject: None</Subject>
		<Message>Message : None</Message>
	</EMAIL>
</EMAIL_MERC_LEVEL_UP>