﻿<?xml version="1.0" encoding="utf-8" ?> 
<LOADSCREENS>
	<!-- Start Sector (Landing Zone) -->
	<SECTOR>
		<uiIndex>0</uiIndex>
		<szLocation>START</szLocation>		
		<RandomAltSector>0</RandomAltSector>
		<szImageFormat>STI</szImageFormat>
		<szDay>Loadscreens\LS_HELICRASH</szDay>
		<szNight>Loadscreens\LS_HELICRASH</szNight>
		<szDayAlt></szDayAlt>
		<szNightAlt></szNightAlt>		
	</SECTOR>
	<!-- Row A -->
	<SECTOR>
		<uiIndex>1</uiIndex>
		<szLocation>A1</szLocation>		
		<RandomAltSector>0</RandomAltSector>
		<szImageFormat></szImageFormat>
		<szDay></szDay>
		<szNight></szNight>
		<szDayAlt></szDayAlt>
		<szNightAlt></szNightAlt>	
	</SECTOR>	
	<SECTOR>
		<uiIndex>2</uiIndex>
		<szLocation>A2</szLocation>		
		<RandomAltSector>0</RandomAltSector>
		<szImageFormat></szImageFormat>
		<szDay></szDay>
		<szNight></szNight>
		<szDayAlt></szDayAlt>
		<szNightAlt></szNightAlt>	
	</SECTOR>	
	<SECTOR>
		<uiIndex>3</uiIndex>
		<szLocation>A3</szLocation>	
		<RandomAltSector>0</RandomAltSector>
		<szImageFormat>STI</szImageFormat>
		<szDay></szDay>
		<szNight></szNight>
		<szDayAlt></szDayAlt>
		<szNightAlt></szNightAlt>	
	</SECTOR>	
	<SECTOR>
		<uiIndex>4</uiIndex>
		<szLocation>A4</szLocation>
		<RandomAltSector>0</RandomAltSector>
		<szImageFormat>STI</szImageFormat>
		<szDay></szDay>
		<szNight></szNight>
		<szDayAlt></szDayAlt>
		<szNightAlt></szNightAlt>		
	</SECTOR>	
	<SECTOR>
		<uiIndex>5</uiIndex>
		<szLocation>A5</szLocation>
		<RandomAltSector>0</RandomAltSector>
		<szImageFormat>STI</szImageFormat>
		<szDay></szDay>
		<szNight></szNight>
		<szDayAlt></szDayAlt>
		<szNightAlt></szNightAlt>		
	</SECTOR>	
	<SECTOR>
		<uiIndex>6</uiIndex>
		<szLocation>A6</szLocation>
		<RandomAltSector>0</RandomAltSector>
		<szImageFormat>STI</szImageFormat>
		<szDay></szDay>
		<szNight></szNight>
		<szDayAlt></szDayAlt>
		<szNightAlt></szNightAlt>		
	</SECTOR>	
	<SECTOR>
		<uiIndex>7</uiIndex>
		<szLocation>A7</szLocation>
		<RandomAltSector>0</RandomAltSector>
		<szImageFormat>STI</szImageFormat>
		<szDay></szDay>
		<szNight></szNight>
		<szDayAlt></szDayAlt>
		<szNightAlt></szNightAlt>		
	</SECTOR>	
	<SECTOR>
		<uiIndex>8</uiIndex>
		<szLocation>A8</szLocation>
		<RandomAltSector>0</RandomAltSector>
		<szImageFormat>STI</szImageFormat>
		<szDay></szDay>
		<szNight></szNight>
		<szDayAlt></szDayAlt>
		<szNightAlt></szNightAlt>		
	</SECTOR>
	<SECTOR>
		<uiIndex>9</uiIndex>
		<szLocation>A9</szLocation>
		<RandomAltSector>0</RandomAltSector>
		<szImageFormat>STI</szImageFormat>
		<szDay></szDay>
		<szNight></szNight>
		<szDayAlt></szDayAlt>
		<szNightAlt></szNightAlt>		
	</SECTOR>
	<SECTOR>
		<uiIndex>10</uiIndex>
		<szLocation>A10</szLocation>
		<RandomAltSector>0</RandomAltSector>
		<szImageFormat>STI</szImageFormat>
		<szDay></szDay>
		<szNight></szNight>
		<szDayAlt></szDayAlt>
		<szNightAlt></szNightAlt>		
	</SECTOR>
	<SECTOR>
		<uiIndex>11</uiIndex>
		<szLocation>A11</szLocation>
		<RandomAltSector>0</RandomAltSector>
		<szImageFormat>STI</szImageFormat>
		<szDay></szDay>
		<szNight></szNight>
		<szDayAlt></szDayAlt>
		<szNightAlt></szNightAlt>		
	</SECTOR>
	<SECTOR>
		<uiIndex>12</uiIndex>
		<szLocation>A12</szLocation>
		<RandomAltSector>0</RandomAltSector>
		<szImageFormat>STI</szImageFormat>
		<szDay></szDay>
		<szNight></szNight>
		<szDayAlt></szDayAlt>
		<szNightAlt></szNightAlt>		
	</SECTOR>
	<SECTOR>
		<uiIndex>13</uiIndex>
		<szLocation>A13</szLocation>
		<RandomAltSector>0</RandomAltSector>
		<szImageFormat>STI</szImageFormat>
		<szDay></szDay>
		<szNight></szNight>
		<szDayAlt></szDayAlt>
		<szNightAlt></szNightAlt>		
	</SECTOR>
	<SECTOR>
		<uiIndex>14</uiIndex>
		<szLocation>A14</szLocation>
		<RandomAltSector>0</RandomAltSector>
		<szImageFormat>STI</szImageFormat>
		<szDay></szDay>
		<szNight></szNight>
		<szDayAlt></szDayAlt>
		<szNightAlt></szNightAlt>	
	</SECTOR>
	<SECTOR>
		<uiIndex>15</uiIndex>
		<szLocation>A15</szLocation>
		<RandomAltSector>0</RandomAltSector>
		<szImageFormat>STI</szImageFormat>
		<szDay></szDay>
		<szNight></szNight>
		<szDayAlt></szDayAlt>
		<szNightAlt></szNightAlt>		
	</SECTOR>
	<SECTOR>
		<uiIndex>16</uiIndex>
		<szLocation>A16</szLocation>
		<RandomAltSector>0</RandomAltSector>
		<szImageFormat>STI</szImageFormat>
		<szDay></szDay>
		<szNight></szNight>
		<szDayAlt></szDayAlt>
		<szNightAlt></szNightAlt>		
	</SECTOR>
	<!-- Row B -->
	<SECTOR>
		<uiIndex>17</uiIndex>
		<szLocation>B1</szLocation>
		<RandomAltSector>0</RandomAltSector>
		<szImageFormat>STI</szImageFormat>
		<szDay></szDay>
		<szNight></szNight>
		<szDayAlt></szDayAlt>
		<szNightAlt></szNightAlt>		
	</SECTOR>
	<SECTOR>
		<uiIndex>18</uiIndex>
		<szLocation>B2</szLocation>
		<RandomAltSector>0</RandomAltSector>
		<szImageFormat>STI</szImageFormat>
		<szDay></szDay>
		<szNight></szNight>
		<szDayAlt></szDayAlt>
		<szNightAlt></szNightAlt>	
	</SECTOR>
	<SECTOR>
		<uiIndex>19</uiIndex>
		<szLocation>B3</szLocation>
		<RandomAltSector>0</RandomAltSector>
		<szImageFormat>STI</szImageFormat>
		<szDay></szDay>
		<szNight></szNight>
		<szDayAlt></szDayAlt>
		<szNightAlt></szNightAlt>			
	</SECTOR>
	<SECTOR>
		<uiIndex>20</uiIndex>
		<szLocation>B4</szLocation>
		<RandomAltSector>0</RandomAltSector>
		<szImageFormat>STI</szImageFormat>
		<szDay></szDay>
		<szNight></szNight>
		<szDayAlt></szDayAlt>
		<szNightAlt></szNightAlt>		
	</SECTOR>
	<SECTOR>
		<uiIndex>21</uiIndex>
		<szLocation>B5</szLocation>
		<RandomAltSector>0</RandomAltSector>
		<szImageFormat>STI</szImageFormat>
		<szDay></szDay>
		<szNight></szNight>
		<szDayAlt></szDayAlt>
		<szNightAlt></szNightAlt>	
	</SECTOR>
	<SECTOR>
		<uiIndex>22</uiIndex>
		<szLocation>B6</szLocation>
		<RandomAltSector>0</RandomAltSector>
		<szImageFormat>STI</szImageFormat>
		<szDay></szDay>
		<szNight></szNight>
		<szDayAlt></szDayAlt>
		<szNightAlt></szNightAlt>	
	</SECTOR>
	<SECTOR>
		<uiIndex>23</uiIndex>
		<szLocation>B7</szLocation>
		<RandomAltSector>0</RandomAltSector>
		<szImageFormat>STI</szImageFormat>
		<szDay></szDay>
		<szNight></szNight>
		<szDayAlt></szDayAlt>
		<szNightAlt></szNightAlt>	
	</SECTOR>
	<SECTOR>
		<uiIndex>24</uiIndex>
		<szLocation>B8</szLocation>
		<RandomAltSector>0</RandomAltSector>
		<szImageFormat>STI</szImageFormat>
		<szDay></szDay>
		<szNight></szNight>
		<szDayAlt></szDayAlt>
		<szNightAlt></szNightAlt>	
	</SECTOR>
	<SECTOR>
		<uiIndex>25</uiIndex>
		<szLocation>B9</szLocation>
		<RandomAltSector>0</RandomAltSector>
		<szImageFormat>STI</szImageFormat>
		<szDay></szDay>
		<szNight></szNight>
		<szDayAlt></szDayAlt>
		<szNightAlt></szNightAlt>	
	</SECTOR>
	<SECTOR>
		<uiIndex>26</uiIndex>
		<szLocation>B10</szLocation>
		<RandomAltSector>0</RandomAltSector>
		<RandomAltSector>0</RandomAltSector>
		<szImageFormat>STI</szImageFormat>
		<szDay></szDay>
		<szNight></szNight>
		<szDayAlt></szDayAlt>
		<szNightAlt></szNightAlt>	
	</SECTOR>
	<SECTOR>
		<uiIndex>27</uiIndex>
		<szLocation>B11</szLocation>
		<RandomAltSector>0</RandomAltSector>
		<szImageFormat>STI</szImageFormat>
		<szDay></szDay>
		<szNight></szNight>
		<szDayAlt></szDayAlt>
		<szNightAlt></szNightAlt>	
	</SECTOR>
	<SECTOR>
		<uiIndex>28</uiIndex>
		<szLocation>B12</szLocation>
		<RandomAltSector>0</RandomAltSector>
		<szImageFormat>STI</szImageFormat>
		<szDay></szDay>
		<szNight></szNight>
		<szDayAlt></szDayAlt>
		<szNightAlt></szNightAlt>	
	</SECTOR>
	<SECTOR>
		<uiIndex>29</uiIndex>
		<szLocation>B13</szLocation>
		<RandomAltSector>0</RandomAltSector>
		<szImageFormat>STI</szImageFormat>
		<szDay></szDay>
		<szNight></szNight>
		<szDayAlt></szDayAlt>
		<szNightAlt></szNightAlt>	
	</SECTOR>
	<SECTOR>
		<uiIndex>30</uiIndex>
		<szLocation>B14</szLocation>
		<RandomAltSector>0</RandomAltSector>
		<szImageFormat>STI</szImageFormat>
		<szDay></szDay>
		<szNight></szNight>
		<szDayAlt></szDayAlt>
		<szNightAlt></szNightAlt>	
	</SECTOR>
	<SECTOR>
		<uiIndex>31</uiIndex>
		<szLocation>B15</szLocation>
		<RandomAltSector>0</RandomAltSector>
		<szImageFormat>STI</szImageFormat>
		<szDay></szDay>
		<szNight></szNight>
		<szDayAlt></szDayAlt>
		<szNightAlt></szNightAlt>	
	</SECTOR>
	<SECTOR>
		<uiIndex>32</uiIndex>
		<szLocation>B16</szLocation>
		<RandomAltSector>0</RandomAltSector>
		<szImageFormat>STI</szImageFormat>
		<szDay></szDay>
		<szNight></szNight>
		<szDayAlt></szDayAlt>
		<szNightAlt></szNightAlt>	
	</SECTOR>
	<!-- Row C -->
	<SECTOR>
		<uiIndex>33</uiIndex>
		<szLocation>C1</szLocation>
		<RandomAltSector>0</RandomAltSector>
		<szImageFormat>STI</szImageFormat>
		<szDay></szDay>
		<szNight></szNight>
		<szDayAlt></szDayAlt>
		<szNightAlt></szNightAlt>	
	</SECTOR>
	<SECTOR>
		<uiIndex>34</uiIndex>
		<szLocation>C2</szLocation>
		<RandomAltSector>0</RandomAltSector>
		<szImageFormat>STI</szImageFormat>
		<szDay></szDay>
		<szNight></szNight>
		<szDayAlt></szDayAlt>
		<szNightAlt></szNightAlt>	
	</SECTOR>
	<SECTOR>
		<uiIndex>35</uiIndex>
		<szLocation>C3</szLocation>
		<RandomAltSector>0</RandomAltSector>
		<szImageFormat>STI</szImageFormat>
		<szDay></szDay>
		<szNight></szNight>
		<szDayAlt></szDayAlt>
		<szNightAlt></szNightAlt>	
	</SECTOR>
	<SECTOR>
		<uiIndex>36</uiIndex>
		<szLocation>C4</szLocation>
		<RandomAltSector>0</RandomAltSector>
		<szImageFormat>STI</szImageFormat>
		<szDay></szDay>
		<szNight></szNight>
		<szDayAlt></szDayAlt>
		<szNightAlt></szNightAlt>	
	</SECTOR>
	<SECTOR>
		<uiIndex>37</uiIndex>
		<szLocation>C5</szLocation>
		<RandomAltSector>0</RandomAltSector>
		<szImageFormat>STI</szImageFormat>
		<szDay></szDay>
		<szNight></szNight>
		<szDayAlt></szDayAlt>
		<szNightAlt></szNightAlt>	
	</SECTOR>
	<SECTOR>
		<uiIndex>38</uiIndex>
		<szLocation>C6</szLocation>
		<RandomAltSector>0</RandomAltSector>
		<szImageFormat>STI</szImageFormat>
		<szDay></szDay>
		<szNight></szNight>
		<szDayAlt></szDayAlt>
		<szNightAlt></szNightAlt>	
	</SECTOR>
	<SECTOR>
		<uiIndex>39</uiIndex>
		<szLocation>C7</szLocation>
		<RandomAltSector>0</RandomAltSector>
		<szImageFormat>STI</szImageFormat>
		<szDay></szDay>
		<szNight></szNight>
		<szDayAlt></szDayAlt>
		<szNightAlt></szNightAlt>	
	</SECTOR>
	<SECTOR>
		<uiIndex>40</uiIndex>
		<szLocation>C8</szLocation>
		<RandomAltSector>0</RandomAltSector>
		<szImageFormat>STI</szImageFormat>
		<szDay></szDay>
		<szNight></szNight>
		<szDayAlt></szDayAlt>
		<szNightAlt></szNightAlt>	
	</SECTOR>
	<SECTOR>
		<uiIndex>41</uiIndex>
		<szLocation>C9</szLocation>
		<RandomAltSector>0</RandomAltSector>
		<szImageFormat>STI</szImageFormat>
		<szDay></szDay>
		<szNight></szNight>
		<szDayAlt></szDayAlt>
		<szNightAlt></szNightAlt>	
	</SECTOR>
	<SECTOR>
		<uiIndex>42</uiIndex>
		<szLocation>C10</szLocation>
		<RandomAltSector>0</RandomAltSector>
		<szImageFormat>STI</szImageFormat>
		<szDay></szDay>
		<szNight></szNight>
		<szDayAlt></szDayAlt>
		<szNightAlt></szNightAlt>	
	</SECTOR>
	<SECTOR>
		<uiIndex>43</uiIndex>
		<szLocation>C11</szLocation>
		<RandomAltSector>0</RandomAltSector>
		<szImageFormat>STI</szImageFormat>
		<szDay></szDay>
		<szNight></szNight>
		<szDayAlt></szDayAlt>
		<szNightAlt></szNightAlt>	
	</SECTOR>
	<SECTOR>
		<uiIndex>44</uiIndex>
		<szLocation>C12</szLocation>
		<RandomAltSector>0</RandomAltSector>
		<szImageFormat>STI</szImageFormat>
		<szDay></szDay>
		<szNight></szNight>
		<szDayAlt></szDayAlt>
		<szNightAlt></szNightAlt>	
	</SECTOR>
	<SECTOR>
		<uiIndex>45</uiIndex>
		<szLocation>C13</szLocation>
		<RandomAltSector>0</RandomAltSector>
		<szImageFormat>STI</szImageFormat>
		<szDay></szDay>
		<szNight></szNight>
		<szDayAlt></szDayAlt>
		<szNightAlt></szNightAlt>	
	</SECTOR>
	<SECTOR>
		<uiIndex>46</uiIndex>
		<szLocation>C14</szLocation>
		<RandomAltSector>0</RandomAltSector>
		<szImageFormat>STI</szImageFormat>
		<szDay></szDay>
		<szNight></szNight>
		<szDayAlt></szDayAlt>
		<szNightAlt></szNightAlt>	
	</SECTOR>
	<SECTOR>
		<uiIndex>47</uiIndex>
		<szLocation>C15</szLocation>
		<RandomAltSector>0</RandomAltSector>
		<szImageFormat>STI</szImageFormat>
		<szDay></szDay>
		<szNight></szNight>
		<szDayAlt></szDayAlt>
		<szNightAlt></szNightAlt>	
	</SECTOR>
	<SECTOR>
		<uiIndex>48</uiIndex>
		<szLocation>C16</szLocation>
		<RandomAltSector>0</RandomAltSector>
		<szImageFormat>STI</szImageFormat>
		<szDay></szDay>
		<szNight></szNight>
		<szDayAlt></szDayAlt>
		<szNightAlt></szNightAlt>	
	</SECTOR>
	<!-- Row D -->
	<SECTOR>
		<uiIndex>49</uiIndex>
		<szLocation>D1</szLocation>
		<RandomAltSector>0</RandomAltSector>
		<szImageFormat></szImageFormat>
		<szDay></szDay>
		<szNight></szNight>
		<szDayAlt></szDayAlt>
		<szNightAlt></szNightAlt>
	</SECTOR>
	<SECTOR>
		<uiIndex>50</uiIndex>
		<szLocation>D2</szLocation>
		<RandomAltSector>0</RandomAltSector>
		<szImageFormat>STI</szImageFormat>
		<szDay></szDay>
		<szNight></szNight>
		<szDayAlt></szDayAlt>
		<szNightAlt></szNightAlt>	
	</SECTOR>
	<SECTOR>
		<uiIndex>51</uiIndex>
		<szLocation>D3</szLocation>
		<RandomAltSector>0</RandomAltSector>
		<szImageFormat>STI</szImageFormat>
		<szDay></szDay>
		<szNight></szNight>
		<szDayAlt></szDayAlt>
		<szNightAlt></szNightAlt>	
	</SECTOR>
	<SECTOR>
		<uiIndex>52</uiIndex>
		<szLocation>D4</szLocation>
		<RandomAltSector>0</RandomAltSector>
		<szImageFormat>STI</szImageFormat>
		<szDay></szDay>
		<szNight></szNight>
		<szDayAlt></szDayAlt>
		<szNightAlt></szNightAlt>	
	</SECTOR>
	<SECTOR>
		<uiIndex>53</uiIndex>
		<szLocation>D5</szLocation>
		<RandomAltSector>0</RandomAltSector>
		<szImageFormat>STI</szImageFormat>
		<szDay></szDay>
		<szNight></szNight>
		<szDayAlt></szDayAlt>
		<szNightAlt></szNightAlt>	
	</SECTOR>
	<SECTOR>
		<uiIndex>54</uiIndex>
		<szLocation>D6</szLocation>
		<RandomAltSector>0</RandomAltSector>
		<szImageFormat>STI</szImageFormat>
		<szDay></szDay>
		<szNight></szNight>
		<szDayAlt></szDayAlt>
		<szNightAlt></szNightAlt>	
	</SECTOR>
	<SECTOR>
		<uiIndex>55</uiIndex>
		<szLocation>D7</szLocation>
		<RandomAltSector>0</RandomAltSector>
		<szImageFormat>STI</szImageFormat>
		<szDay></szDay>
		<szNight></szNight>
		<szDayAlt></szDayAlt>
		<szNightAlt></szNightAlt>	
	</SECTOR>
	<SECTOR>
		<uiIndex>56</uiIndex>
		<szLocation>D8</szLocation>
		<RandomAltSector>0</RandomAltSector>
		<szImageFormat>STI</szImageFormat>
		<szDay></szDay>
		<szNight></szNight>
		<szDayAlt></szDayAlt>
		<szNightAlt></szNightAlt>	
	</SECTOR>
	<SECTOR>
		<uiIndex>57</uiIndex>
		<szLocation>D9</szLocation>
		<RandomAltSector>0</RandomAltSector>
		<szImageFormat>STI</szImageFormat>
		<szDay></szDay>
		<szNight></szNight>
		<szDayAlt></szDayAlt>
		<szNightAlt></szNightAlt>	
	</SECTOR>
	<SECTOR>
		<uiIndex>58</uiIndex>
		<szLocation>D10</szLocation>
		<RandomAltSector>0</RandomAltSector>
		<szImageFormat>STI</szImageFormat>
		<szDay></szDay>
		<szNight></szNight>
		<szDayAlt></szDayAlt>
		<szNightAlt></szNightAlt>	
	</SECTOR>
	<SECTOR>
		<uiIndex>59</uiIndex>
		<szLocation>D11</szLocation>
		<RandomAltSector>0</RandomAltSector>
		<szImageFormat>STI</szImageFormat>
		<szDay></szDay>
		<szNight></szNight>
		<szDayAlt></szDayAlt>
		<szNightAlt></szNightAlt>	
	</SECTOR>
	<SECTOR>
		<uiIndex>60</uiIndex>
		<szLocation>D12</szLocation>
		<RandomAltSector>0</RandomAltSector>
		<szImageFormat>STI</szImageFormat>
		<szDay></szDay>
		<szNight></szNight>
		<szDayAlt></szDayAlt>
		<szNightAlt></szNightAlt>	
	</SECTOR>
	<SECTOR>
		<uiIndex>61</uiIndex>
		<szLocation>D13</szLocation>
		<RandomAltSector>0</RandomAltSector>
		<szImageFormat>STI</szImageFormat>
		<szDay></szDay>
		<szNight></szNight>
		<szDayAlt></szDayAlt>
		<szNightAlt></szNightAlt>	
	</SECTOR>
	<SECTOR>
		<uiIndex>62</uiIndex>
		<szLocation>D14</szLocation>
		<RandomAltSector>0</RandomAltSector>
		<szImageFormat>STI</szImageFormat>
		<szDay></szDay>
		<szNight></szNight>
		<szDayAlt></szDayAlt>
		<szNightAlt></szNightAlt>	
	</SECTOR>
	<SECTOR>
		<uiIndex>63</uiIndex>
		<szLocation>D15</szLocation>
		<RandomAltSector>0</RandomAltSector>
		<szImageFormat>STI</szImageFormat>
		<szDay></szDay>
		<szNight></szNight>
		<szDayAlt></szDayAlt>
		<szNightAlt></szNightAlt>	
	</SECTOR>
	<SECTOR>
		<uiIndex>64</uiIndex>
		<szLocation>D16</szLocation>
		<RandomAltSector>0</RandomAltSector>
		<szImageFormat>STI</szImageFormat>
		<szDay></szDay>
		<szNight></szNight>
		<szDayAlt></szDayAlt>
		<szNightAlt></szNightAlt>	
	</SECTOR>
	<!-- Row E -->
	<SECTOR>
		<uiIndex>65</uiIndex>
		<szLocation>E1</szLocation>
		<RandomAltSector>0</RandomAltSector>
		<szImageFormat></szImageFormat>
		<szDay></szDay>
		<szNight></szNight>
		<szDayAlt></szDayAlt>
		<szNightAlt></szNightAlt>
	</SECTOR>
	<SECTOR>
		<uiIndex>66</uiIndex>
		<szLocation>E2</szLocation>
		<RandomAltSector>0</RandomAltSector>
		<szImageFormat>STI</szImageFormat>
		<szDay></szDay>
		<szNight></szNight>
		<szDayAlt></szDayAlt>
		<szNightAlt></szNightAlt>	
	</SECTOR>
	<SECTOR>
		<uiIndex>67</uiIndex>
		<szLocation>E3</szLocation>
		<RandomAltSector>0</RandomAltSector>
		<szImageFormat>STI</szImageFormat>
		<szDay></szDay>
		<szNight></szNight>
		<szDayAlt></szDayAlt>
		<szNightAlt></szNightAlt>	
	</SECTOR>
	<SECTOR>
		<uiIndex>68</uiIndex>
		<szLocation>E4</szLocation>
		<RandomAltSector>0</RandomAltSector>
		<szImageFormat>STI</szImageFormat>
		<szDay></szDay>
		<szNight></szNight>
		<szDayAlt></szDayAlt>
		<szNightAlt></szNightAlt>	
	</SECTOR>
	<SECTOR>
		<uiIndex>69</uiIndex>
		<szLocation>E5</szLocation>
		<RandomAltSector>0</RandomAltSector>
		<szImageFormat>STI</szImageFormat>
		<szDay></szDay>
		<szNight></szNight>
		<szDayAlt></szDayAlt>
		<szNightAlt></szNightAlt>	
	</SECTOR>
	<SECTOR>
		<uiIndex>70</uiIndex>
		<szLocation>E6</szLocation>
		<RandomAltSector>0</RandomAltSector>
		<szImageFormat>STI</szImageFormat>
		<szDay></szDay>
		<szNight></szNight>
		<szDayAlt></szDayAlt>
		<szNightAlt></szNightAlt>	
	</SECTOR>
	<SECTOR>
		<uiIndex>71</uiIndex>
		<szLocation>E7</szLocation>
		<RandomAltSector>0</RandomAltSector>
		<szImageFormat>STI</szImageFormat>
		<szDay></szDay>
		<szNight></szNight>
		<szDayAlt></szDayAlt>
		<szNightAlt></szNightAlt>	
	</SECTOR>
	<SECTOR>
		<uiIndex>72</uiIndex>
		<szLocation>E8</szLocation>
		<RandomAltSector>0</RandomAltSector>
		<szImageFormat>STI</szImageFormat>
		<szDay></szDay>
		<szNight></szNight>
		<szDayAlt></szDayAlt>
		<szNightAlt></szNightAlt>	
	</SECTOR>
	<SECTOR>
		<uiIndex>73</uiIndex>
		<szLocation>E9</szLocation>
		<RandomAltSector>0</RandomAltSector>
		<szImageFormat>STI</szImageFormat>
		<szDay></szDay>
		<szNight></szNight>
		<szDayAlt></szDayAlt>
		<szNightAlt></szNightAlt>	
	</SECTOR>
	<SECTOR>
		<uiIndex>74</uiIndex>
		<szLocation>E10</szLocation>
		<RandomAltSector>0</RandomAltSector>
		<szImageFormat>STI</szImageFormat>
		<szDay></szDay>
		<szNight></szNight>
		<szDayAlt></szDayAlt>
		<szNightAlt></szNightAlt>	
	</SECTOR>
	<SECTOR>
		<uiIndex>75</uiIndex>
		<szLocation>E11</szLocation>
		<RandomAltSector>0</RandomAltSector>
		<szImageFormat>STI</szImageFormat>
		<szDay></szDay>
		<szNight></szNight>
		<szDayAlt></szDayAlt>
		<szNightAlt></szNightAlt>	
	</SECTOR>
	<SECTOR>
		<uiIndex>76</uiIndex>
		<szLocation>E12</szLocation>
		<RandomAltSector>0</RandomAltSector>
		<szImageFormat>STI</szImageFormat>
		<szDay>Loadscreens\LS_DayForest</szDay>
		<szNight>Loadscreens\LS_NightForest</szNight>
		<szDayAlt></szDayAlt>
		<szNightAlt></szNightAlt>	
	</SECTOR>
	<SECTOR>
		<uiIndex>77</uiIndex>
		<szLocation>E13</szLocation>
		<RandomAltSector>0</RandomAltSector>
		<szImageFormat>STI</szImageFormat>
		<szDay></szDay>
		<szNight></szNight>
		<szDayAlt></szDayAlt>
		<szNightAlt></szNightAlt>	
	</SECTOR>
	<SECTOR>
		<uiIndex>78</uiIndex>
		<szLocation>E14</szLocation>
		<RandomAltSector>0</RandomAltSector>
		<szImageFormat>STI</szImageFormat>
		<szDay></szDay>
		<szNight></szNight>
		<szDayAlt></szDayAlt>
		<szNightAlt></szNightAlt>	
	</SECTOR>
	<SECTOR>
		<uiIndex>79</uiIndex>
		<szLocation>E15</szLocation>
		<RandomAltSector>0</RandomAltSector>
		<szImageFormat>STI</szImageFormat>
		<szDay></szDay>
		<szNight></szNight>
		<szDayAlt></szDayAlt>
		<szNightAlt></szNightAlt>	
	</SECTOR>
	<SECTOR>
		<uiIndex>80</uiIndex>
		<szLocation>E16</szLocation>
		<RandomAltSector>0</RandomAltSector>
		<szImageFormat></szImageFormat>
		<szDay></szDay>
		<szNight></szNight>
		<szDayAlt></szDayAlt>
		<szNightAlt></szNightAlt>
	</SECTOR>
	<!-- Row F -->
	<SECTOR>
		<uiIndex>81</uiIndex>
		<szLocation>F1</szLocation>
		<RandomAltSector>0</RandomAltSector>
		<szImageFormat></szImageFormat>
		<szDay></szDay>
		<szNight></szNight>
		<szDayAlt></szDayAlt>
		<szNightAlt></szNightAlt>
	</SECTOR>
	<SECTOR>
		<uiIndex>82</uiIndex>
		<szLocation>F2</szLocation>
		<RandomAltSector>0</RandomAltSector>
		<szImageFormat>STI</szImageFormat>
		<szDay></szDay>
		<szNight></szNight>
		<szDayAlt></szDayAlt>
		<szNightAlt></szNightAlt>	
	</SECTOR>
	<SECTOR>
		<uiIndex>83</uiIndex>
		<szLocation>F3</szLocation>
		<RandomAltSector>0</RandomAltSector>
		<szImageFormat>STI</szImageFormat>
		<szDay></szDay>
		<szNight></szNight>
		<szDayAlt></szDayAlt>
		<szNightAlt></szNightAlt>	
	</SECTOR>
	<SECTOR>
		<uiIndex>84</uiIndex>
		<szLocation>F4</szLocation>
		<RandomAltSector>0</RandomAltSector>
		<szImageFormat>STI</szImageFormat>
		<szDay></szDay>
		<szNight></szNight>
		<szDayAlt></szDayAlt>
		<szNightAlt></szNightAlt>	
	</SECTOR>
	<SECTOR>
		<uiIndex>85</uiIndex>
		<szLocation>F5</szLocation>
		<RandomAltSector>0</RandomAltSector>
		<szImageFormat>STI</szImageFormat>
		<szDay>Loadscreens\LS_DayWild</szDay>
		<szNight>Loadscreens\LS_NightWild</szNight>
		<szDayAlt></szDayAlt>
		<szNightAlt></szNightAlt>
	</SECTOR>
	<SECTOR>
		<uiIndex>86</uiIndex>
		<szLocation>F6</szLocation>
		<RandomAltSector>0</RandomAltSector>
		<szImageFormat>STI</szImageFormat>
		<szDay></szDay>
		<szNight></szNight>
		<szDayAlt></szDayAlt>
		<szNightAlt></szNightAlt>	
	</SECTOR>
	<SECTOR>
		<uiIndex>87</uiIndex>
		<szLocation>F7</szLocation>
		<RandomAltSector>0</RandomAltSector>
		<szImageFormat>STI</szImageFormat>
		<szDay></szDay>
		<szNight></szNight>
		<szDayAlt></szDayAlt>
		<szNightAlt></szNightAlt>	
	</SECTOR>
	<SECTOR>
		<uiIndex>88</uiIndex>
		<szLocation>F8</szLocation>
		<RandomAltSector>0</RandomAltSector>
		<szImageFormat>STI</szImageFormat>
		<szDay></szDay>
		<szNight></szNight>
		<szDayAlt></szDayAlt>
		<szNightAlt></szNightAlt>	
	</SECTOR>
	<SECTOR>
		<uiIndex>89</uiIndex>
		<szLocation>F9</szLocation>
		<RandomAltSector>0</RandomAltSector>
		<szImageFormat>STI</szImageFormat>
		<szDay></szDay>
		<szNight></szNight>
		<szDayAlt></szDayAlt>
		<szNightAlt></szNightAlt>	
	</SECTOR>
	<SECTOR>
		<uiIndex>90</uiIndex>
		<szLocation>F10</szLocation>
		<RandomAltSector>0</RandomAltSector>
		<szImageFormat>STI</szImageFormat>
		<szDay></szDay>
		<szNight></szNight>
		<szDayAlt></szDayAlt>
		<szNightAlt></szNightAlt>	
	</SECTOR>
	<SECTOR>
		<uiIndex>91</uiIndex>
		<szLocation>F11</szLocation>
		<RandomAltSector>0</RandomAltSector>
		<szImageFormat>STI</szImageFormat>
		<szDay></szDay>
		<szNight></szNight>
		<szDayAlt></szDayAlt>
		<szNightAlt></szNightAlt>	
	</SECTOR>
	<SECTOR>
		<uiIndex>92</uiIndex>
		<szLocation>F12</szLocation>
		<RandomAltSector>0</RandomAltSector>
		<szImageFormat>STI</szImageFormat>
		<szDay>Loadscreens\LS_DayForest</szDay>
		<szNight>Loadscreens\LS_NightForest</szNight>
		<szDayAlt></szDayAlt>
		<szNightAlt></szNightAlt>	
	</SECTOR>
	<SECTOR>
		<uiIndex>93</uiIndex>
		<szLocation>F13</szLocation>
		<RandomAltSector>0</RandomAltSector>
		<szImageFormat>STI</szImageFormat>
		<szDay></szDay>
		<szNight></szNight>
		<szDayAlt></szDayAlt>
		<szNightAlt></szNightAlt>	
	</SECTOR>
	<SECTOR>
		<uiIndex>94</uiIndex>
		<szLocation>F14</szLocation>
		<RandomAltSector>0</RandomAltSector>
		<szImageFormat>STI</szImageFormat>
		<szDay></szDay>
		<szNight></szNight>
		<szDayAlt></szDayAlt>
		<szNightAlt></szNightAlt>	
	</SECTOR>
	<SECTOR>
		<uiIndex>95</uiIndex>
		<szLocation>F15</szLocation>
		<RandomAltSector>0</RandomAltSector>
		<szImageFormat>STI</szImageFormat>
		<szDay></szDay>
		<szNight></szNight>
		<szDayAlt></szDayAlt>
		<szNightAlt></szNightAlt>	
	</SECTOR>
	<SECTOR>
		<uiIndex>96</uiIndex>
		<szLocation>F16</szLocation>
		<RandomAltSector>0</RandomAltSector>
		<szImageFormat></szImageFormat>
		<szDay></szDay>
		<szNight></szNight>
		<szDayAlt></szDayAlt>
		<szNightAlt></szNightAlt>
	</SECTOR>
	<!-- Row G -->
	<SECTOR>
		<uiIndex>97</uiIndex>
		<szLocation>G1</szLocation>
		<RandomAltSector>0</RandomAltSector>
		<szImageFormat>STI</szImageFormat>
		<szDay></szDay>
		<szNight></szNight>
		<szDayAlt></szDayAlt>
		<szNightAlt></szNightAlt>	
	</SECTOR>
	<SECTOR>
		<uiIndex>98</uiIndex>
		<szLocation>G2</szLocation>
		<RandomAltSector>0</RandomAltSector>
		<szImageFormat>STI</szImageFormat>
		<szDay></szDay>
		<szNight></szNight>
		<szDayAlt></szDayAlt>
		<szNightAlt></szNightAlt>	
	</SECTOR>
	<SECTOR>
		<uiIndex>99</uiIndex>
		<szLocation>G3</szLocation>
		<RandomAltSector>0</RandomAltSector>
		<szImageFormat>STI</szImageFormat>
		<szDay></szDay>
		<szNight></szNight>
		<szDayAlt></szDayAlt>
		<szNightAlt></szNightAlt>	
	</SECTOR>
	<SECTOR>
		<uiIndex>100</uiIndex>
		<szLocation>G4</szLocation>
		<RandomAltSector>0</RandomAltSector>
		<szImageFormat>STI</szImageFormat>
		<szDay></szDay>
		<szNight></szNight>
		<szDayAlt></szDayAlt>
		<szNightAlt></szNightAlt>	
	</SECTOR>
	<SECTOR>
		<uiIndex>101</uiIndex>
		<szLocation>G5</szLocation>
		<RandomAltSector>0</RandomAltSector>
		<szImageFormat>STI</szImageFormat>
		<szDay></szDay>
		<szNight></szNight>
		<szDayAlt></szDayAlt>
		<szNightAlt></szNightAlt>	
	</SECTOR>
	<SECTOR>
		<uiIndex>102</uiIndex>
		<szLocation>G6</szLocation>
		<RandomAltSector>0</RandomAltSector>
		<szImageFormat>STI</szImageFormat>
		<szDay></szDay>
		<szNight></szNight>
		<szDayAlt></szDayAlt>
		<szNightAlt></szNightAlt>	
	</SECTOR>
	<SECTOR>
		<uiIndex>103</uiIndex>
		<szLocation>G7</szLocation>
		<RandomAltSector>0</RandomAltSector>
		<szImageFormat>STI</szImageFormat>
		<szDay></szDay>
		<szNight></szNight>
		<szDayAlt></szDayAlt>
		<szNightAlt></szNightAlt>	
	</SECTOR>
	<SECTOR>
		<uiIndex>104</uiIndex>
		<szLocation>G8</szLocation>
		<RandomAltSector>0</RandomAltSector>
		<szImageFormat>STI</szImageFormat>
		<szDay>Loadscreens\LS_Snow_day1</szDay>
		<szNight>Loadscreens\LS_Snow_Night1</szNight>
		<szDayAlt></szDayAlt>
		<szNightAlt></szNightAlt>	
	</SECTOR>
	<SECTOR>
		<uiIndex>105</uiIndex>
		<szLocation>G9</szLocation>
		<RandomAltSector>0</RandomAltSector>
		<szImageFormat>STI</szImageFormat>
		<szDay>Loadscreens\LS_Snow_day1</szDay>
		<szNight>Loadscreens\LS_Snow_Night1</szNight>
		<szDayAlt></szDayAlt>
		<szNightAlt></szNightAlt>	
	</SECTOR>
	<SECTOR>
		<uiIndex>106</uiIndex>
		<szLocation>G10</szLocation>
		<RandomAltSector>0</RandomAltSector>
		<szImageFormat>STI</szImageFormat>
		<szDay></szDay>
		<szNight></szNight>
		<szDayAlt></szDayAlt>
		<szNightAlt></szNightAlt>	
	</SECTOR>
	<SECTOR>
		<uiIndex>107</uiIndex>
		<szLocation>G11</szLocation>
		<RandomAltSector>0</RandomAltSector>
		<szImageFormat>STI</szImageFormat>
		<szDay></szDay>
		<szNight></szNight>
		<szDayAlt></szDayAlt>
		<szNightAlt></szNightAlt>	
	</SECTOR>
	<SECTOR>
		<uiIndex>108</uiIndex>
		<szLocation>G12</szLocation>
		<RandomAltSector>0</RandomAltSector>
		<szImageFormat>STI</szImageFormat>
		<szDay>Loadscreens\LS_DayForest</szDay>
		<szNight>Loadscreens\LS_NightForest</szNight>
		<szDayAlt></szDayAlt>
		<szNightAlt></szNightAlt>	
	</SECTOR>
	<SECTOR>
		<uiIndex>109</uiIndex>
		<szLocation>G13</szLocation>
		<RandomAltSector>0</RandomAltSector>
		<szImageFormat>STI</szImageFormat>
		<szDay>Loadscreens\LS_DayGeneric</szDay>
		<szNight>Loadscreens\LS_NightGeneric</szNight>
		<szDayAlt></szDayAlt>
		<szNightAlt></szNightAlt>	
	</SECTOR>
	<SECTOR>
		<uiIndex>110</uiIndex>
		<szLocation>G14</szLocation>
		<RandomAltSector>0</RandomAltSector>
		<szImageFormat>STI</szImageFormat>
		<szDay></szDay>
		<szNight></szNight>
		<szDayAlt></szDayAlt>
		<szNightAlt></szNightAlt>	
	</SECTOR>
	<SECTOR>
		<uiIndex>111</uiIndex>
		<szLocation>G15</szLocation>
		<RandomAltSector>0</RandomAltSector>
		<szImageFormat>STI</szImageFormat>
		<szDay></szDay>
		<szNight></szNight>
		<szDayAlt></szDayAlt>
		<szNightAlt></szNightAlt>	
	</SECTOR>
	<SECTOR>
		<uiIndex>112</uiIndex>
		<szLocation>G16</szLocation>
		<RandomAltSector>0</RandomAltSector>
		<szImageFormat>STI</szImageFormat>
		<szDay></szDay>
		<szNight></szNight>
		<szDayAlt></szDayAlt>
		<szNightAlt></szNightAlt>	
	</SECTOR>
	<!-- Row H -->
	<SECTOR>
		<uiIndex>113</uiIndex>
		<szLocation>H1</szLocation>
		<RandomAltSector>0</RandomAltSector>
		<szImageFormat>STI</szImageFormat>
		<szDay></szDay>
		<szNight></szNight>
		<szDayAlt></szDayAlt>
		<szNightAlt></szNightAlt>	
	</SECTOR>
	<SECTOR>
		<uiIndex>114</uiIndex>
		<szLocation>H2</szLocation>
		<RandomAltSector>0</RandomAltSector>
		<szImageFormat>STI</szImageFormat>
		<szDay></szDay>
		<szNight></szNight>
		<szDayAlt></szDayAlt>
		<szNightAlt></szNightAlt>	
	</SECTOR>
	<SECTOR>
		<uiIndex>115</uiIndex>
		<szLocation>H3</szLocation>
		<RandomAltSector>0</RandomAltSector>
		<szImageFormat>STI</szImageFormat>
		<szDay></szDay>
		<szNight></szNight>
		<szDayAlt></szDayAlt>
		<szNightAlt></szNightAlt>	
	</SECTOR>
	<SECTOR>
		<uiIndex>116</uiIndex>
		<szLocation>H4</szLocation>
		<RandomAltSector>0</RandomAltSector>
		<szImageFormat>STI</szImageFormat>
		<szDay></szDay>
		<szNight></szNight>
		<szDayAlt></szDayAlt>
		<szNightAlt></szNightAlt>	
	</SECTOR>
	<SECTOR>
		<uiIndex>117</uiIndex>
		<szLocation>H5</szLocation>
		<RandomAltSector>0</RandomAltSector>
		<szImageFormat>STI</szImageFormat>
		<szDay></szDay>
		<szNight></szNight>
		<szDayAlt></szDayAlt>
		<szNightAlt></szNightAlt>	
	</SECTOR>
	<SECTOR>
		<uiIndex>118</uiIndex>
		<szLocation>H6</szLocation>
		<RandomAltSector>0</RandomAltSector>
		<szImageFormat>STI</szImageFormat>
		<szDay></szDay>
		<szNight></szNight>
		<szDayAlt></szDayAlt>
		<szNightAlt></szNightAlt>	
	</SECTOR>
	<SECTOR>
		<uiIndex>119</uiIndex>
		<szLocation>H7</szLocation>
		<RandomAltSector>0</RandomAltSector>
		<szImageFormat>STI</szImageFormat>
		<szDay>Loadscreens\LS_HeliCrash</szDay>
		<szNight>Loadscreens\LS_HeliCrash</szNight>
		<szDayAlt></szDayAlt>
		<szNightAlt></szNightAlt>
	</SECTOR>
	<SECTOR>
		<uiIndex>120</uiIndex>
		<szLocation>H8</szLocation>
		<RandomAltSector>0</RandomAltSector>
		<szImageFormat>STI</szImageFormat>
		<szDay>Loadscreens\LS_Snow_day1</szDay>
		<szNight>Loadscreens\LS_Snow_Night1</szNight>
		<szDayAlt></szDayAlt>
		<szNightAlt></szNightAlt>
	</SECTOR>
	<SECTOR>
		<uiIndex>121</uiIndex>
		<szLocation>H9</szLocation>
		<RandomAltSector>0</RandomAltSector>
		<szImageFormat>STI</szImageFormat>
		<szDay>Loadscreens\LS_Guardpostday</szDay>
		<szNight>Loadscreens\LS_Guardpostnight</szNight>
		<szDayAlt></szDayAlt>
		<szNightAlt></szNightAlt>
	</SECTOR>
	<SECTOR>
		<uiIndex>122</uiIndex>
		<szLocation>H10</szLocation>
		<RandomAltSector>0</RandomAltSector>
		<szImageFormat>STI</szImageFormat>
		<szDay>Loadscreens\LS_DayPine</szDay>
		<szNight>Loadscreens\LS_NightPine</szNight>
		<szDayAlt></szDayAlt>
		<szNightAlt></szNightAlt>
	</SECTOR>
	<SECTOR>
		<uiIndex>123</uiIndex>
		<szLocation>H11</szLocation>
		<RandomAltSector>0</RandomAltSector>
		<szImageFormat>STI</szImageFormat>
		<szDay>Loadscreens\LS_DayGeneric</szDay>
		<szNight>Loadscreens\LS_NightGeneric</szNight>
		<szDayAlt></szDayAlt>
		<szNightAlt></szNightAlt>
	</SECTOR>
	<SECTOR>
		<uiIndex>124</uiIndex>
		<szLocation>H12</szLocation>
		<RandomAltSector>0</RandomAltSector>
		<szImageFormat>STI</szImageFormat>
		<szDay>Loadscreens\LS_DayWild</szDay>
		<szNight>Loadscreens\LS_NightWild</szNight>
		<szDayAlt></szDayAlt>
		<szNightAlt></szNightAlt>	
	</SECTOR>
	<SECTOR>
		<uiIndex>125</uiIndex>
		<szLocation>H13</szLocation>
		<RandomAltSector>0</RandomAltSector>
		<szImageFormat>STI</szImageFormat>
		<szDay></szDay>
		<szNight></szNight>
		<szDayAlt></szDayAlt>
		<szNightAlt></szNightAlt>	
	</SECTOR>
	<SECTOR>
		<uiIndex>126</uiIndex>
		<szLocation>H14</szLocation>
		<RandomAltSector>0</RandomAltSector>
		<szImageFormat>STI</szImageFormat>
		<szDay></szDay>
		<szNight></szNight>
		<szDayAlt></szDayAlt>
		<szNightAlt></szNightAlt>	
	</SECTOR>
	<SECTOR>
		<uiIndex>127</uiIndex>
		<szLocation>H15</szLocation>
		<RandomAltSector>0</RandomAltSector>
		<szImageFormat>STI</szImageFormat>
		<szDay></szDay>
		<szNight></szNight>
		<szDayAlt></szDayAlt>
		<szNightAlt></szNightAlt>	
	</SECTOR>
	<SECTOR>
		<uiIndex>128</uiIndex>
		<szLocation>H16</szLocation>
		<RandomAltSector>0</RandomAltSector>
		<szImageFormat>STI</szImageFormat>
		<szDay></szDay>
		<szNight></szNight>
		<szDayAlt></szDayAlt>
		<szNightAlt></szNightAlt>	
	</SECTOR>
	<!-- Row I -->
	<SECTOR>
		<uiIndex>129</uiIndex>
		<szLocation>I1</szLocation>
		<RandomAltSector>0</RandomAltSector>
		<szImageFormat></szImageFormat>
		<szDay></szDay>
		<szNight></szNight>
		<szDayAlt></szDayAlt>
		<szNightAlt></szNightAlt>
	</SECTOR>
	<SECTOR>
		<uiIndex>130</uiIndex>
		<szLocation>I2</szLocation>
		<RandomAltSector>0</RandomAltSector>
		<szImageFormat></szImageFormat>
		<szDay></szDay>
		<szNight></szNight>
		<szDayAlt></szDayAlt>
		<szNightAlt></szNightAlt>
	</SECTOR>
	<SECTOR>
		<uiIndex>131</uiIndex>
		<szLocation>I3</szLocation>
		<RandomAltSector>0</RandomAltSector>
		<szImageFormat>STI</szImageFormat>
		<szDay></szDay>
		<szNight></szNight>
		<szDayAlt></szDayAlt>
		<szNightAlt></szNightAlt>	
	</SECTOR>
	<SECTOR>
		<uiIndex>132</uiIndex>
		<szLocation>I4</szLocation>
		<RandomAltSector>0</RandomAltSector>
		<szImageFormat>STI</szImageFormat>
		<szDay></szDay>
		<szNight></szNight>
		<szDayAlt></szDayAlt>
		<szNightAlt></szNightAlt>	
	</SECTOR>
	<SECTOR>
		<uiIndex>133</uiIndex>
		<szLocation>I5</szLocation>
		<RandomAltSector>0</RandomAltSector>
		<szImageFormat>STI</szImageFormat>
		<szDay></szDay>
		<szNight></szNight>
		<szDayAlt></szDayAlt>
		<szNightAlt></szNightAlt>	
	</SECTOR>
	<SECTOR>
		<uiIndex>134</uiIndex>
		<szLocation>I6</szLocation>
		<RandomAltSector>0</RandomAltSector>
		<szImageFormat>STI</szImageFormat>
		<szDay></szDay>
		<szNight></szNight>
		<szDayAlt></szDayAlt>
		<szNightAlt></szNightAlt>	
	</SECTOR>
	<SECTOR>
		<uiIndex>135</uiIndex>
		<szLocation>I7</szLocation>
		<RandomAltSector>0</RandomAltSector>
		<szImageFormat>STI</szImageFormat>
		<szDay></szDay>
		<szNight></szNight>
		<szDayAlt></szDayAlt>
		<szNightAlt></szNightAlt>	
	</SECTOR>
	<SECTOR>
		<uiIndex>136</uiIndex>
		<szLocation>I8</szLocation>
		<RandomAltSector>0</RandomAltSector>
		<szImageFormat>STI</szImageFormat>
		<szDay></szDay>
		<szNight></szNight>
		<szDayAlt></szDayAlt>
		<szNightAlt></szNightAlt>	
	</SECTOR>
	<SECTOR>
		<uiIndex>137</uiIndex>
		<szLocation>I9</szLocation>
		<RandomAltSector>0</RandomAltSector>
		<szImageFormat>STI</szImageFormat>
		<szDay>Loadscreens\LS_DayPine</szDay>
		<szNight>Loadscreens\LS_NightPine</szNight>
		<szDayAlt></szDayAlt>
		<szNightAlt></szNightAlt>
	</SECTOR>
	<SECTOR>
		<uiIndex>138</uiIndex>
		<szLocation>I10</szLocation>
		<RandomAltSector>1</RandomAltSector>
		<szImageFormat>STI</szImageFormat>
		<szDay>Loadscreens\LS_DayTown1</szDay>
		<szNight>Loadscreens\LS_NightTown1</szNight>
		<szDayAlt>Loadscreens\LS_DayTown2</szDayAlt>
		<szNightAlt>Loadscreens\LS_NightTown2</szNightAlt>
	</SECTOR>
	<SECTOR>
		<uiIndex>139</uiIndex>
		<szLocation>I11</szLocation>
		<RandomAltSector>1</RandomAltSector>
		<szImageFormat>STI</szImageFormat>
		<szDay>Loadscreens\LS_DayTown1</szDay>
		<szNight>Loadscreens\LS_NightTown1</szNight>
		<szDayAlt>Loadscreens\LS_DayTown2</szDayAlt>
		<szNightAlt>Loadscreens\LS_NightTown2</szNightAlt>
	</SECTOR>
	<SECTOR>
		<uiIndex>140</uiIndex>
		<szLocation>I12</szLocation>
		<RandomAltSector>0</RandomAltSector>
		<szImageFormat>STI</szImageFormat>
		<szDay>Loadscreens\LS_DayWild</szDay>
		<szNight>Loadscreens\LS_NightWild</szNight>
		<szDayAlt></szDayAlt>
		<szNightAlt></szNightAlt>
	</SECTOR>
	<SECTOR>
		<uiIndex>141</uiIndex>
		<szLocation>I13</szLocation>
		<RandomAltSector>0</RandomAltSector>
		<szImageFormat>STI</szImageFormat>
		<szDay>Loadscreens\LS_MineDay</szDay>
		<szNight>Loadscreens\LS_MineNight</szNight>
		<szDayAlt></szDayAlt>
		<szNightAlt></szNightAlt>
	</SECTOR>
	<SECTOR>
		<uiIndex>142</uiIndex>
		<szLocation>I14</szLocation>
		<RandomAltSector>0</RandomAltSector>
		<szImageFormat>STI</szImageFormat>
		<szDay></szDay>
		<szNight></szNight>
		<szDayAlt></szDayAlt>
		<szNightAlt></szNightAlt>	
	</SECTOR>
	<SECTOR>
		<uiIndex>143</uiIndex>
		<szLocation>I15</szLocation>
		<RandomAltSector>0</RandomAltSector>
		<szImageFormat>STI</szImageFormat>
		<szDay></szDay>
		<szNight></szNight>
		<szDayAlt></szDayAlt>
		<szNightAlt></szNightAlt>	
	</SECTOR>
	<SECTOR>
		<uiIndex>144</uiIndex>
		<szLocation>I16</szLocation>
		<RandomAltSector>0</RandomAltSector>
		<szImageFormat>STI</szImageFormat>
		<szDay></szDay>
		<szNight></szNight>
		<szDayAlt></szDayAlt>
		<szNightAlt></szNightAlt>	
	</SECTOR>
	<!-- Row J -->
	<SECTOR>
		<uiIndex>145</uiIndex>
		<szLocation>J1</szLocation>
		<RandomAltSector>0</RandomAltSector>
		<szImageFormat></szImageFormat>
		<szDay></szDay>
		<szNight></szNight>
		<szDayAlt></szDayAlt>
		<szNightAlt></szNightAlt>
	</SECTOR>
	<SECTOR>
		<uiIndex>146</uiIndex>
		<szLocation>J2</szLocation>
		<RandomAltSector>0</RandomAltSector>
		<szImageFormat>STI</szImageFormat>
		<szDay></szDay>
		<szNight></szNight>
		<szDayAlt></szDayAlt>
		<szNightAlt></szNightAlt>	
	</SECTOR>
	<SECTOR>
		<uiIndex>147</uiIndex>
		<szLocation>J3</szLocation>
		<RandomAltSector>0</RandomAltSector>
		<szImageFormat>STI</szImageFormat>
		<szDay></szDay>
		<szNight></szNight>
		<szDayAlt></szDayAlt>
		<szNightAlt></szNightAlt>	
	</SECTOR>
	<SECTOR>
		<uiIndex>148</uiIndex>
		<szLocation>J4</szLocation>
		<RandomAltSector>0</RandomAltSector>
		<szImageFormat>STI</szImageFormat>
		<szDay></szDay>
		<szNight></szNight>
		<szDayAlt></szDayAlt>
		<szNightAlt></szNightAlt>	
	</SECTOR>
	<SECTOR>
		<uiIndex>149</uiIndex>
		<szLocation>J5</szLocation>
		<RandomAltSector>0</RandomAltSector>
		<szImageFormat>STI</szImageFormat>
		<szDay></szDay>
		<szNight></szNight>
		<szDayAlt></szDayAlt>
		<szNightAlt></szNightAlt>	
	</SECTOR>
	<SECTOR>
		<uiIndex>150</uiIndex>
		<szLocation>J6</szLocation>
		<RandomAltSector>0</RandomAltSector>
		<szImageFormat>STI</szImageFormat>
		<szDay></szDay>
		<szNight></szNight>
		<szDayAlt></szDayAlt>
		<szNightAlt></szNightAlt>	
	</SECTOR>
	<SECTOR>
		<uiIndex>151</uiIndex>
		<szLocation>J7</szLocation>
		<RandomAltSector>0</RandomAltSector>
		<szImageFormat>STI</szImageFormat>
		<szDay></szDay>
		<szNight></szNight>
		<szDayAlt></szDayAlt>
		<szNightAlt></szNightAlt>	
	</SECTOR>
	<SECTOR>
		<uiIndex>152</uiIndex>
		<szLocation>J8</szLocation>
		<RandomAltSector>0</RandomAltSector>
		<szImageFormat>STI</szImageFormat>
		<szDay></szDay>
		<szNight></szNight>
		<szDayAlt></szDayAlt>
		<szNightAlt></szNightAlt>	
	</SECTOR>
	<SECTOR>
		<uiIndex>153</uiIndex>
		<szLocation>J9</szLocation>
		<RandomAltSector>0</RandomAltSector>
		<szImageFormat>STI</szImageFormat>
		<szDay></szDay>
		<szNight></szNight>
		<szDayAlt></szDayAlt>
		<szNightAlt></szNightAlt>	
	</SECTOR>
	<SECTOR>
		<uiIndex>154</uiIndex>
		<szLocation>J10</szLocation>
		<RandomAltSector>0</RandomAltSector>
		<szImageFormat>STI</szImageFormat>
		<szDay></szDay>
		<szNight></szNight>
		<szDayAlt></szDayAlt>
		<szNightAlt></szNightAlt>	
	</SECTOR>
	<SECTOR>
		<uiIndex>155</uiIndex>
		<szLocation>J11</szLocation>
		<RandomAltSector>0</RandomAltSector>
		<szImageFormat>STI</szImageFormat>
		<szDay>Loadscreens\LS_DayWild</szDay>
		<szNight>Loadscreens\LS_NightWild</szNight>
		<szDayAlt></szDayAlt>
		<szNightAlt></szNightAlt>
	</SECTOR>
	<SECTOR>
		<uiIndex>156</uiIndex>
		<szLocation>J12</szLocation>
		<RandomAltSector>0</RandomAltSector>
		<szImageFormat>STI</szImageFormat>
		<szDay>Loadscreens\LS_DayForest</szDay>
		<szNight>Loadscreens\LS_NightForest</szNight>
		<szDayAlt></szDayAlt>
		<szNightAlt></szNightAlt>
	</SECTOR>
	<SECTOR>
		<uiIndex>157</uiIndex>
		<szLocation>J13</szLocation>
		<RandomAltSector>0</RandomAltSector>
		<szImageFormat>STI</szImageFormat>
		<szDay>Loadscreens\LS_PowerPlantDay</szDay>
		<szNight>Loadscreens\LS_PowerPlantNight</szNight>
		<szDayAlt></szDayAlt>
		<szNightAlt></szNightAlt>
	</SECTOR>
	<SECTOR>
		<uiIndex>158</uiIndex>
		<szLocation>J14</szLocation>
		<RandomAltSector>0</RandomAltSector>
		<szImageFormat>STI</szImageFormat>
		<szDay></szDay>
		<szNight></szNight>
		<szDayAlt></szDayAlt>
		<szNightAlt></szNightAlt>	
	</SECTOR>
	<SECTOR>
		<uiIndex>159</uiIndex>
		<szLocation>J15</szLocation>
		<RandomAltSector>0</RandomAltSector>
		<szImageFormat>STI</szImageFormat>
		<szDay></szDay>
		<szNight></szNight>
		<szDayAlt></szDayAlt>
		<szNightAlt></szNightAlt>	
	</SECTOR>
	<SECTOR>
		<uiIndex>160</uiIndex>
		<szLocation>J16</szLocation>
		<RandomAltSector>0</RandomAltSector>
		<szImageFormat></szImageFormat>
		<szDay></szDay>
		<szNight></szNight>
		<szDayAlt></szDayAlt>
		<szNightAlt></szNightAlt>
	</SECTOR>
	<!-- Row K1 -->
	<SECTOR>
		<uiIndex>161</uiIndex>
		<szLocation>K1</szLocation>
		<RandomAltSector>0</RandomAltSector>
		<szImageFormat></szImageFormat>
		<szDay></szDay>
		<szNight></szNight>
		<szDayAlt></szDayAlt>
		<szNightAlt></szNightAlt>
	</SECTOR>
	<SECTOR>
		<uiIndex>162</uiIndex>
		<szLocation>K2</szLocation>
		<RandomAltSector>0</RandomAltSector>
		<szImageFormat>STI</szImageFormat>
		<szDay></szDay>
		<szNight></szNight>
		<szDayAlt></szDayAlt>
		<szNightAlt></szNightAlt>	
	</SECTOR>
	<SECTOR>
		<uiIndex>163</uiIndex>
		<szLocation>K3</szLocation>
		<RandomAltSector>0</RandomAltSector>
		<szImageFormat>STI</szImageFormat>
		<szDay></szDay>
		<szNight></szNight>
		<szDayAlt></szDayAlt>
		<szNightAlt></szNightAlt>	
	</SECTOR>
	<SECTOR>
		<uiIndex>164</uiIndex>
		<szLocation>K4</szLocation>
		<RandomAltSector>0</RandomAltSector>
		<szImageFormat>STI</szImageFormat>
		<szDay></szDay>
		<szNight></szNight>
		<szDayAlt></szDayAlt>
		<szNightAlt></szNightAlt>	
	</SECTOR>
	<SECTOR>
		<uiIndex>165</uiIndex>
		<szLocation>K5</szLocation>
		<RandomAltSector>0</RandomAltSector>
		<szImageFormat>STI</szImageFormat>
		<szDay></szDay>
		<szNight></szNight>
		<szDayAlt></szDayAlt>
		<szNightAlt></szNightAlt>	
	</SECTOR>
	<SECTOR>
		<uiIndex>166</uiIndex>
		<szLocation>K6</szLocation>
		<RandomAltSector>0</RandomAltSector>
		<szImageFormat>STI</szImageFormat>
		<szDay></szDay>
		<szNight></szNight>
		<szDayAlt></szDayAlt>
		<szNightAlt></szNightAlt>	
	</SECTOR>
	<SECTOR>
		<uiIndex>167</uiIndex>
		<szLocation>K7</szLocation>
		<RandomAltSector>0</RandomAltSector>
		<szImageFormat>STI</szImageFormat>
		<szDay></szDay>
		<szNight></szNight>
		<szDayAlt></szDayAlt>
		<szNightAlt></szNightAlt>	
	</SECTOR>
	<SECTOR>
		<uiIndex>168</uiIndex>
		<szLocation>K8</szLocation>
		<RandomAltSector>0</RandomAltSector>
		<szImageFormat>STI</szImageFormat>
		<szDay></szDay>
		<szNight></szNight>
		<szDayAlt></szDayAlt>
		<szNightAlt></szNightAlt>	
	</SECTOR>
	<SECTOR>
		<uiIndex>169</uiIndex>
		<szLocation>K9</szLocation>
		<RandomAltSector>0</RandomAltSector>
		<szImageFormat>STI</szImageFormat>
		<szDay></szDay>
		<szNight></szNight>
		<szDayAlt></szDayAlt>
		<szNightAlt></szNightAlt>	
	</SECTOR>
	<SECTOR>
		<uiIndex>170</uiIndex>
		<szLocation>K10</szLocation>
		<RandomAltSector>0</RandomAltSector>
		<szImageFormat>STI</szImageFormat>
		<szDay></szDay>
		<szNight></szNight>
		<szDayAlt></szDayAlt>
		<szNightAlt></szNightAlt>	
	</SECTOR>
	<SECTOR>
		<uiIndex>171</uiIndex>
		<szLocation>K11</szLocation>
		<RandomAltSector>0</RandomAltSector>
		<szImageFormat>STI</szImageFormat>
		<szDay></szDay>
		<szNight></szNight>
		<szDayAlt></szDayAlt>
		<szNightAlt></szNightAlt>	
	</SECTOR>
	<SECTOR>
		<uiIndex>172</uiIndex>
		<szLocation>K12</szLocation>
		<RandomAltSector>0</RandomAltSector>
		<szImageFormat>STI</szImageFormat>
		<szDay></szDay>
		<szNight></szNight>
		<szDayAlt></szDayAlt>
		<szNightAlt></szNightAlt>	
	</SECTOR>
	<SECTOR>
		<uiIndex>173</uiIndex>
		<szLocation>K13</szLocation>
		<RandomAltSector>0</RandomAltSector>
		<szImageFormat>STI</szImageFormat>
		<szDay></szDay>
		<szNight></szNight>
		<szDayAlt></szDayAlt>
		<szNightAlt></szNightAlt>	
	</SECTOR>
	<SECTOR>
		<uiIndex>174</uiIndex>
		<szLocation>K14</szLocation>
		<RandomAltSector>0</RandomAltSector>
		<szImageFormat>STI</szImageFormat>
		<szDay></szDay>
		<szNight></szNight>
		<szDayAlt></szDayAlt>
		<szNightAlt></szNightAlt>	
	</SECTOR>
	<SECTOR>
		<uiIndex>175</uiIndex>
		<szLocation>K15</szLocation>
		<RandomAltSector>0</RandomAltSector>
		<szImageFormat>STI</szImageFormat>
		<szDay>Loadscreens\LS_MissleDay</szDay>
		<szNight>Loadscreens\LS_MissleNight</szNight>
		<szDayAlt></szDayAlt>
		<szNightAlt></szNightAlt>
	</SECTOR>
	<SECTOR>
		<uiIndex>176</uiIndex>
		<szLocation>K16</szLocation>
		<RandomAltSector>0</RandomAltSector>
		<szImageFormat>STI</szImageFormat>
		<szDay>Loadscreens\LS_DayPine</szDay>
		<szNight>Loadscreens\LS_NightPine</szNight>
		<szDayAlt></szDayAlt>
		<szNightAlt></szNightAlt>
	</SECTOR>
	<!-- Row L -->
	<SECTOR>
		<uiIndex>177</uiIndex>
		<szLocation>L1</szLocation>
		<RandomAltSector>0</RandomAltSector>
		<szImageFormat>STI</szImageFormat>
		<szDay></szDay>
		<szNight></szNight>
		<szDayAlt></szDayAlt>
		<szNightAlt></szNightAlt>	
	</SECTOR>
	<SECTOR>
		<uiIndex>178</uiIndex>
		<szLocation>L2</szLocation>
		<RandomAltSector>0</RandomAltSector>
		<szImageFormat>STI</szImageFormat>
		<szDay></szDay>
		<szNight></szNight>
		<szDayAlt></szDayAlt>
		<szNightAlt></szNightAlt>	
	</SECTOR>
	<SECTOR>
		<uiIndex>179</uiIndex>
		<szLocation>L3</szLocation>
		<RandomAltSector>0</RandomAltSector>
		<szImageFormat>STI</szImageFormat>
		<szDay></szDay>
		<szNight></szNight>
		<szDayAlt></szDayAlt>
		<szNightAlt></szNightAlt>	
	</SECTOR>
	<SECTOR>
		<uiIndex>180</uiIndex>
		<szLocation>L4</szLocation>
		<RandomAltSector>0</RandomAltSector>
		<szImageFormat>STI</szImageFormat>
		<szDay></szDay>
		<szNight></szNight>
		<szDayAlt></szDayAlt>
		<szNightAlt></szNightAlt>	
	</SECTOR>
	<SECTOR>
		<uiIndex>181</uiIndex>
		<szLocation>L5</szLocation>
		<RandomAltSector>0</RandomAltSector>
		<szImageFormat>STI</szImageFormat>
		<szDay></szDay>
		<szNight></szNight>
		<szDayAlt></szDayAlt>
		<szNightAlt></szNightAlt>	
	</SECTOR>
	<SECTOR>
		<uiIndex>182</uiIndex>
		<szLocation>L6</szLocation>
		<RandomAltSector>0</RandomAltSector>
		<szImageFormat>STI</szImageFormat>
		<szDay></szDay>
		<szNight></szNight>
		<szDayAlt></szDayAlt>
		<szNightAlt></szNightAlt>	
	</SECTOR>
	<SECTOR>
		<uiIndex>183</uiIndex>
		<szLocation>L7</szLocation>
		<RandomAltSector>0</RandomAltSector>
		<szImageFormat>STI</szImageFormat>
		<szDay></szDay>
		<szNight></szNight>
		<szDayAlt></szDayAlt>
		<szNightAlt></szNightAlt>	
	</SECTOR>
	<SECTOR>
		<uiIndex>184</uiIndex>
		<szLocation>L8</szLocation>
		<RandomAltSector>0</RandomAltSector>
		<szImageFormat>STI</szImageFormat>
		<szDay></szDay>
		<szNight></szNight>
		<szDayAlt></szDayAlt>
		<szNightAlt></szNightAlt>	
	</SECTOR>
	<SECTOR>
		<uiIndex>185</uiIndex>
		<szLocation>L9</szLocation>
		<RandomAltSector>0</RandomAltSector>
		<szImageFormat>STI</szImageFormat>
		<szDay></szDay>
		<szNight></szNight>
		<szDayAlt></szDayAlt>
		<szNightAlt></szNightAlt>	
	</SECTOR>
	<SECTOR>
		<uiIndex>186</uiIndex>
		<szLocation>L10</szLocation>
		<RandomAltSector>0</RandomAltSector>
		<szImageFormat>STI</szImageFormat>
		<szDay></szDay>
		<szNight></szNight>
		<szDayAlt></szDayAlt>
		<szNightAlt></szNightAlt>	
	</SECTOR>
	<SECTOR>
		<uiIndex>187</uiIndex>
		<szLocation>L11</szLocation>
		<RandomAltSector>0</RandomAltSector>
		<szImageFormat>STI</szImageFormat>
		<szDay></szDay>
		<szNight></szNight>
		<szDayAlt></szDayAlt>
		<szNightAlt></szNightAlt>	
	</SECTOR>
	<SECTOR>
		<uiIndex>188</uiIndex>
		<szLocation>L12</szLocation>
		<RandomAltSector>0</RandomAltSector>
		<szImageFormat>STI</szImageFormat>
		<szDay></szDay>
		<szNight></szNight>
		<szDayAlt></szDayAlt>
		<szNightAlt></szNightAlt>	
	</SECTOR>
	<SECTOR>
		<uiIndex>189</uiIndex>
		<szLocation>L13</szLocation>
		<RandomAltSector>0</RandomAltSector>
		<szImageFormat>STI</szImageFormat>
		<szDay></szDay>
		<szNight></szNight>
		<szDayAlt></szDayAlt>
		<szNightAlt></szNightAlt>	
	</SECTOR>
	<SECTOR>
		<uiIndex>190</uiIndex>
		<szLocation>L14</szLocation>
		<RandomAltSector>0</RandomAltSector>
		<szImageFormat>STI</szImageFormat>
		<szDay></szDay>
		<szNight></szNight>
		<szDayAlt></szDayAlt>
		<szNightAlt></szNightAlt>	
	</SECTOR>
	<SECTOR>
		<uiIndex>191</uiIndex>
		<szLocation>L15</szLocation>
		<RandomAltSector>0</RandomAltSector>
		<szImageFormat>STI</szImageFormat>
		<szDay></szDay>
		<szNight></szNight>
		<szDayAlt></szDayAlt>
		<szNightAlt></szNightAlt>	
	</SECTOR>
	<SECTOR>
		<uiIndex>192</uiIndex>
		<szLocation>L16</szLocation>
		<RandomAltSector>0</RandomAltSector>
		<szImageFormat></szImageFormat>
		<szDay></szDay>
		<szNight></szNight>
		<szDayAlt></szDayAlt>
		<szNightAlt></szNightAlt>
	</SECTOR>
	<!-- Row M -->
	<SECTOR>
		<uiIndex>193</uiIndex>
		<szLocation>M1</szLocation>
		<RandomAltSector>0</RandomAltSector>
		<szImageFormat></szImageFormat>
		<szDay></szDay>
		<szNight></szNight>
		<szDayAlt></szDayAlt>
		<szNightAlt></szNightAlt>
	</SECTOR>
	<SECTOR>
		<uiIndex>194</uiIndex>
		<szLocation>M2</szLocation>
		<RandomAltSector>0</RandomAltSector>
		<szImageFormat>STI</szImageFormat>
		<szDay></szDay>
		<szNight></szNight>
		<szDayAlt></szDayAlt>
		<szNightAlt></szNightAlt>	
	</SECTOR>
	<SECTOR>
		<uiIndex>195</uiIndex>
		<szLocation>M3</szLocation>
		<RandomAltSector>0</RandomAltSector>
		<szImageFormat>STI</szImageFormat>
		<szDay></szDay>
		<szNight></szNight>
		<szDayAlt></szDayAlt>
		<szNightAlt></szNightAlt>	
	</SECTOR>
	<SECTOR>
		<uiIndex>196</uiIndex>
		<szLocation>M4</szLocation>
		<RandomAltSector>0</RandomAltSector>
		<szImageFormat>STI</szImageFormat>
		<szDay></szDay>
		<szNight></szNight>
		<szDayAlt></szDayAlt>
		<szNightAlt></szNightAlt>	
	</SECTOR>
	<SECTOR>
		<uiIndex>197</uiIndex>
		<szLocation>M5</szLocation>
		<RandomAltSector>0</RandomAltSector>
		<szImageFormat>STI</szImageFormat>
		<szDay></szDay>
		<szNight></szNight>
		<szDayAlt></szDayAlt>
		<szNightAlt></szNightAlt>	
	</SECTOR>
	<SECTOR>
		<uiIndex>198</uiIndex>
		<szLocation>M6</szLocation>
		<RandomAltSector>0</RandomAltSector>
		<szImageFormat>STI</szImageFormat>
		<szDay></szDay>
		<szNight></szNight>
		<szDayAlt></szDayAlt>
		<szNightAlt></szNightAlt>	
	</SECTOR>
	<SECTOR>
		<uiIndex>199</uiIndex>
		<szLocation>M7</szLocation>
		<RandomAltSector>0</RandomAltSector>
		<szImageFormat>STI</szImageFormat>
		<szDay></szDay>
		<szNight></szNight>
		<szDayAlt></szDayAlt>
		<szNightAlt></szNightAlt>	
	</SECTOR>
	<SECTOR>
		<uiIndex>200</uiIndex>
		<szLocation>M8</szLocation>
		<RandomAltSector>0</RandomAltSector>
		<szImageFormat>STI</szImageFormat>
		<szDay></szDay>
		<szNight></szNight>
		<szDayAlt></szDayAlt>
		<szNightAlt></szNightAlt>	
	</SECTOR>
	<SECTOR>
		<uiIndex>201</uiIndex>
		<szLocation>M9</szLocation>
		<RandomAltSector>0</RandomAltSector>
		<szImageFormat>STI</szImageFormat>
		<szDay></szDay>
		<szNight></szNight>
		<szDayAlt></szDayAlt>
		<szNightAlt></szNightAlt>	
	</SECTOR>
	<SECTOR>
		<uiIndex>202</uiIndex>
		<szLocation>M10</szLocation>
		<RandomAltSector>0</RandomAltSector>
		<szImageFormat>STI</szImageFormat>
		<szDay></szDay>
		<szNight></szNight>
		<szDayAlt></szDayAlt>
		<szNightAlt></szNightAlt>	
	</SECTOR>
	<SECTOR>
		<uiIndex>203</uiIndex>
		<szLocation>M11</szLocation>
		<RandomAltSector>0</RandomAltSector>
		<szImageFormat></szImageFormat>
		<szDay></szDay>
		<szNight></szNight>
		<szDayAlt></szDayAlt>
		<szNightAlt></szNightAlt>
	</SECTOR>
	<SECTOR>
		<uiIndex>204</uiIndex>
		<szLocation>M12</szLocation>
		<RandomAltSector>0</RandomAltSector>
		<szImageFormat></szImageFormat>
		<szDay></szDay>
		<szNight></szNight>
		<szDayAlt></szDayAlt>
		<szNightAlt></szNightAlt>
	</SECTOR>
	<SECTOR>
		<uiIndex>205</uiIndex>
		<szLocation>M13</szLocation>
		<RandomAltSector>0</RandomAltSector>
		<szImageFormat>STI</szImageFormat>
		<szDay></szDay>
		<szNight></szNight>
		<szDayAlt></szDayAlt>
		<szNightAlt></szNightAlt>	
	</SECTOR>
	<SECTOR>
		<uiIndex>206</uiIndex>
		<szLocation>M14</szLocation>
		<RandomAltSector>0</RandomAltSector>
		<szImageFormat>STI</szImageFormat>
		<szDay></szDay>
		<szNight></szNight>
		<szDayAlt></szDayAlt>
		<szNightAlt></szNightAlt>	
	</SECTOR>
	<SECTOR>
		<uiIndex>207</uiIndex>
		<szLocation>M15</szLocation>
		<RandomAltSector>0</RandomAltSector>
		<szImageFormat></szImageFormat>
		<szDay></szDay>
		<szNight></szNight>
		<szDayAlt></szDayAlt>
		<szNightAlt></szNightAlt>
	</SECTOR>
	<SECTOR>
		<uiIndex>208</uiIndex>
		<szLocation>M16</szLocation>
		<RandomAltSector>0</RandomAltSector>
		<szImageFormat></szImageFormat>
		<szDay></szDay>
		<szNight></szNight>
		<szDayAlt></szDayAlt>
		<szNightAlt></szNightAlt>
	</SECTOR>
	<!-- Row N -->
	<SECTOR>
		<uiIndex>209</uiIndex>
		<szLocation>N1</szLocation>
		<RandomAltSector>0</RandomAltSector>
		<szImageFormat></szImageFormat>
		<szDay></szDay>
		<szNight></szNight>
		<szDayAlt></szDayAlt>
		<szNightAlt></szNightAlt>
	</SECTOR>
	<SECTOR>
		<uiIndex>210</uiIndex>
		<szLocation>N2</szLocation>
		<RandomAltSector>0</RandomAltSector>
		<szImageFormat></szImageFormat>
		<szDay></szDay>
		<szNight></szNight>
		<szDayAlt></szDayAlt>
		<szNightAlt></szNightAlt>
	</SECTOR>
	<SECTOR>
		<uiIndex>211</uiIndex>
		<szLocation>N3</szLocation>
		<RandomAltSector>0</RandomAltSector>
		<szImageFormat>STI</szImageFormat>
		<szDay></szDay>
		<szNight></szNight>
		<szDayAlt></szDayAlt>
		<szNightAlt></szNightAlt>	
	</SECTOR>
	<SECTOR>
		<uiIndex>212</uiIndex>
		<szLocation>N4</szLocation>
		<RandomAltSector>0</RandomAltSector>
		<szImageFormat>STI</szImageFormat>
		<szDay></szDay>
		<szNight></szNight>
		<szDayAlt></szDayAlt>
		<szNightAlt></szNightAlt>	
	</SECTOR>
	<SECTOR>
		<uiIndex>213</uiIndex>
		<szLocation>N5</szLocation>
		<RandomAltSector>0</RandomAltSector>
		<szImageFormat>STI</szImageFormat>
		<szDay></szDay>
		<szNight></szNight>
		<szDayAlt></szDayAlt>
		<szNightAlt></szNightAlt>	
	</SECTOR>
	<SECTOR>
		<uiIndex>214</uiIndex>
		<szLocation>N6</szLocation>
		<RandomAltSector>0</RandomAltSector>
		<szImageFormat>STI</szImageFormat>
		<szDay></szDay>
		<szNight></szNight>
		<szDayAlt></szDayAlt>
		<szNightAlt></szNightAlt>	
	</SECTOR>
	<SECTOR>
		<uiIndex>215</uiIndex>
		<szLocation>N7</szLocation>
		<RandomAltSector>0</RandomAltSector>
		<szImageFormat>STI</szImageFormat>
		<szDay></szDay>
		<szNight></szNight>
		<szDayAlt></szDayAlt>
		<szNightAlt></szNightAlt>	
	</SECTOR>
	<SECTOR>
		<uiIndex>216</uiIndex>
		<szLocation>N8</szLocation>
		<RandomAltSector>0</RandomAltSector>
		<szImageFormat>STI</szImageFormat>
		<szDay></szDay>
		<szNight></szNight>
		<szDayAlt></szDayAlt>
		<szNightAlt></szNightAlt>	
	</SECTOR>
	<SECTOR>
		<uiIndex>217</uiIndex>
		<szLocation>N9</szLocation>
		<RandomAltSector>0</RandomAltSector>
		<szImageFormat>STI</szImageFormat>
		<szDay></szDay>
		<szNight></szNight>
		<szDayAlt></szDayAlt>
		<szNightAlt></szNightAlt>	
	</SECTOR>
	<SECTOR>
		<uiIndex>218</uiIndex>
		<szLocation>N10</szLocation>
		<RandomAltSector>0</RandomAltSector>
		<szImageFormat>STI</szImageFormat>
		<szDay></szDay>
		<szNight></szNight>
		<szDayAlt></szDayAlt>
		<szNightAlt></szNightAlt>	
	</SECTOR>
	<SECTOR>
		<uiIndex>219</uiIndex>
		<szLocation>N11</szLocation>
		<RandomAltSector>0</RandomAltSector>
		<szImageFormat></szImageFormat>
		<szDay></szDay>
		<szNight></szNight>
		<szDayAlt></szDayAlt>
		<szNightAlt></szNightAlt>
	</SECTOR>
	<SECTOR>
		<uiIndex>220</uiIndex>
		<szLocation>N12</szLocation>
		<RandomAltSector>0</RandomAltSector>
		<szImageFormat></szImageFormat>
		<szDay></szDay>
		<szNight></szNight>
		<szDayAlt></szDayAlt>
		<szNightAlt></szNightAlt>
	</SECTOR>
	<SECTOR>
		<uiIndex>221</uiIndex>
		<szLocation>N13</szLocation>
		<RandomAltSector>0</RandomAltSector>
		<szImageFormat></szImageFormat>
		<szDay></szDay>
		<szNight></szNight>
		<szDayAlt></szDayAlt>
		<szNightAlt></szNightAlt>
	</SECTOR>
	<SECTOR>
		<uiIndex>222</uiIndex>
		<szLocation>N14</szLocation>
		<RandomAltSector>0</RandomAltSector>
		<szImageFormat></szImageFormat>
		<szDay></szDay>
		<szNight></szNight>
		<szDayAlt></szDayAlt>
		<szNightAlt></szNightAlt>
	</SECTOR>
	<SECTOR>
		<uiIndex>223</uiIndex>
		<szLocation>N15</szLocation>
		<RandomAltSector>0</RandomAltSector>
		<szImageFormat></szImageFormat>
		<szDay></szDay>
		<szNight></szNight>
		<szDayAlt></szDayAlt>
		<szNightAlt></szNightAlt>
	</SECTOR>
	<SECTOR>
		<uiIndex>224</uiIndex>
		<szLocation>N16</szLocation>
		<RandomAltSector>0</RandomAltSector>
		<szImageFormat></szImageFormat>
		<szDay></szDay>
		<szNight></szNight>
		<szDayAlt></szDayAlt>
		<szNightAlt></szNightAlt>
	</SECTOR>
	<!-- Row O -->
	<SECTOR>
		<uiIndex>225</uiIndex>
		<szLocation>O1</szLocation>
		<RandomAltSector>0</RandomAltSector>
		<szImageFormat></szImageFormat>
		<szDay></szDay>
		<szNight></szNight>
		<szDayAlt></szDayAlt>
		<szNightAlt></szNightAlt>
	</SECTOR>
	<SECTOR>
		<uiIndex>226</uiIndex>
		<szLocation>O2</szLocation>
		<RandomAltSector>0</RandomAltSector>
		<szImageFormat></szImageFormat>
		<szDay></szDay>
		<szNight></szNight>
		<szDayAlt></szDayAlt>
		<szNightAlt></szNightAlt>
	</SECTOR>
	<SECTOR>
		<uiIndex>227</uiIndex>
		<szLocation>O3</szLocation>
		<RandomAltSector>0</RandomAltSector>
		<szImageFormat>STI</szImageFormat>
		<szDay></szDay>
		<szNight></szNight>
		<szDayAlt></szDayAlt>
		<szNightAlt></szNightAlt>	
	</SECTOR>
	<SECTOR>
		<uiIndex>228</uiIndex>
		<szLocation>O4</szLocation>
		<RandomAltSector>0</RandomAltSector>
		<szImageFormat>STI</szImageFormat>
		<szDay></szDay>
		<szNight></szNight>
		<szDayAlt></szDayAlt>
		<szNightAlt></szNightAlt>	
	</SECTOR>
	<SECTOR>
		<uiIndex>229</uiIndex>
		<szLocation>O5</szLocation>
		<RandomAltSector>0</RandomAltSector>
		<szImageFormat></szImageFormat>
		<szDay></szDay>
		<szNight></szNight>
		<szDayAlt></szDayAlt>
		<szNightAlt></szNightAlt>
	</SECTOR>
	<SECTOR>
		<uiIndex>230</uiIndex>
		<szLocation>O6</szLocation>
		<RandomAltSector>0</RandomAltSector>
		<szImageFormat></szImageFormat>
		<szDay></szDay>
		<szNight></szNight>
		<szDayAlt></szDayAlt>
		<szNightAlt></szNightAlt>
	</SECTOR>
	<SECTOR>
		<uiIndex>231</uiIndex>
		<szLocation>O7</szLocation>
		<RandomAltSector>0</RandomAltSector>
		<szImageFormat></szImageFormat>
		<szDay></szDay>
		<szNight></szNight>
		<szDayAlt></szDayAlt>
		<szNightAlt></szNightAlt>
	</SECTOR>
	<SECTOR>
		<uiIndex>232</uiIndex>
		<szLocation>O8</szLocation>
		<RandomAltSector>0</RandomAltSector>
		<szImageFormat></szImageFormat>
		<szDay></szDay>
		<szNight></szNight>
		<szDayAlt></szDayAlt>
		<szNightAlt></szNightAlt>
	</SECTOR>
	<SECTOR>
		<uiIndex>233</uiIndex>
		<szLocation>O9</szLocation>
		<RandomAltSector>0</RandomAltSector>
		<szImageFormat>STI</szImageFormat>
		<szDay></szDay>
		<szNight></szNight>
		<szDayAlt></szDayAlt>
		<szNightAlt></szNightAlt>	
	</SECTOR>
	<SECTOR>
		<uiIndex>234</uiIndex>
		<szLocation>O10</szLocation>
		<RandomAltSector>0</RandomAltSector>
		<szImageFormat></szImageFormat>
		<szDay></szDay>
		<szNight></szNight>
		<szDayAlt></szDayAlt>
		<szNightAlt></szNightAlt>
	</SECTOR>
	<SECTOR>
		<uiIndex>235</uiIndex>
		<szLocation>O11</szLocation>
		<RandomAltSector>0</RandomAltSector>
		<szImageFormat></szImageFormat>
		<szDay></szDay>
		<szNight></szNight>
		<szDayAlt></szDayAlt>
		<szNightAlt></szNightAlt>
	</SECTOR>
	<SECTOR>
		<uiIndex>236</uiIndex>
		<szLocation>O12</szLocation>
		<RandomAltSector>0</RandomAltSector>
		<szImageFormat></szImageFormat>
		<szDay></szDay>
		<szNight></szNight>
		<szDayAlt></szDayAlt>
		<szNightAlt></szNightAlt>
	</SECTOR>
	<SECTOR>
		<uiIndex>237</uiIndex>
		<szLocation>O13</szLocation>
		<RandomAltSector>0</RandomAltSector>
		<szImageFormat></szImageFormat>
		<szDay></szDay>
		<szNight></szNight>
		<szDayAlt></szDayAlt>
		<szNightAlt></szNightAlt>
	</SECTOR>
	<SECTOR>
		<uiIndex>238</uiIndex>
		<szLocation>O14</szLocation>
		<RandomAltSector>0</RandomAltSector>
		<szImageFormat></szImageFormat>
		<szDay></szDay>
		<szNight></szNight>
		<szDayAlt></szDayAlt>
		<szNightAlt></szNightAlt>
	</SECTOR>
	<SECTOR>
		<uiIndex>239</uiIndex>
		<szLocation>O15</szLocation>
		<RandomAltSector>0</RandomAltSector>
		<szImageFormat></szImageFormat>
		<szDay></szDay>
		<szNight></szNight>
		<szDayAlt></szDayAlt>
		<szNightAlt></szNightAlt>
	</SECTOR>
	<SECTOR>
		<uiIndex>240</uiIndex>
		<szLocation>O16</szLocation>
		<RandomAltSector>0</RandomAltSector>
		<szImageFormat></szImageFormat>
		<szDay></szDay>
		<szNight></szNight>
		<szDayAlt></szDayAlt>
		<szNightAlt></szNightAlt>
	</SECTOR>
	<!-- Row P -->
	<SECTOR>
		<uiIndex>241</uiIndex>
		<szLocation>P1</szLocation>
		<RandomAltSector>0</RandomAltSector>
		<szImageFormat></szImageFormat>
		<szDay></szDay>
		<szNight></szNight>
		<szDayAlt></szDayAlt>
		<szNightAlt></szNightAlt>
	</SECTOR>
	<SECTOR>
		<uiIndex>242</uiIndex>
		<szLocation>P2</szLocation>
		<RandomAltSector>0</RandomAltSector>
		<szImageFormat></szImageFormat>
		<szDay></szDay>
		<szNight></szNight>
		<szDayAlt></szDayAlt>
		<szNightAlt></szNightAlt>
	</SECTOR>
	<SECTOR>
		<uiIndex>243</uiIndex>
		<szLocation>P3</szLocation>
		<RandomAltSector>0</RandomAltSector>
		<szImageFormat>STI</szImageFormat>
		<szDay></szDay>
		<szNight></szNight>
		<szDayAlt></szDayAlt>
		<szNightAlt></szNightAlt>	
	</SECTOR>
	<SECTOR>
		<uiIndex>244</uiIndex>
		<szLocation>P4</szLocation>
		<RandomAltSector>0</RandomAltSector>
		<szImageFormat></szImageFormat>
		<szDay></szDay>
		<szNight></szNight>
		<szDayAlt></szDayAlt>
		<szNightAlt></szNightAlt>
	</SECTOR>
	<SECTOR>
		<uiIndex>245</uiIndex>
		<szLocation>P5</szLocation>
		<RandomAltSector>0</RandomAltSector>
		<szImageFormat></szImageFormat>
		<szDay></szDay>
		<szNight></szNight>
		<szDayAlt></szDayAlt>
		<szNightAlt></szNightAlt>
	</SECTOR>
	<SECTOR>
		<uiIndex>246</uiIndex>
		<szLocation>P6</szLocation>
		<RandomAltSector>0</RandomAltSector>
		<szImageFormat></szImageFormat>
		<szDay></szDay>
		<szNight></szNight>
		<szDayAlt></szDayAlt>
		<szNightAlt></szNightAlt>
	</SECTOR>
	<SECTOR>
		<uiIndex>247</uiIndex>
		<szLocation>P7</szLocation>
		<RandomAltSector>0</RandomAltSector>
		<szImageFormat></szImageFormat>
		<szDay></szDay>
		<szNight></szNight>
		<szDayAlt></szDayAlt>
		<szNightAlt></szNightAlt>
	</SECTOR>
	<SECTOR>
		<uiIndex>248</uiIndex>
		<szLocation>P8</szLocation>
		<RandomAltSector>0</RandomAltSector>
		<szImageFormat></szImageFormat>
		<szDay></szDay>
		<szNight></szNight>
		<szDayAlt></szDayAlt>
		<szNightAlt></szNightAlt>
	</SECTOR>
	<SECTOR>
		<uiIndex>249</uiIndex>
		<szLocation>P9</szLocation>
		<RandomAltSector>0</RandomAltSector>
		<szImageFormat></szImageFormat>
		<szDay></szDay>
		<szNight></szNight>
		<szDayAlt></szDayAlt>
		<szNightAlt></szNightAlt>
	</SECTOR>
	<SECTOR>
		<uiIndex>250</uiIndex>
		<szLocation>P10</szLocation>
		<RandomAltSector>0</RandomAltSector>
		<szImageFormat></szImageFormat>
		<szDay></szDay>
		<szNight></szNight>
		<szDayAlt></szDayAlt>
		<szNightAlt></szNightAlt>
	</SECTOR>
	<SECTOR>
		<uiIndex>251</uiIndex>
		<szLocation>P11</szLocation>
		<RandomAltSector>0</RandomAltSector>
		<szImageFormat></szImageFormat>
		<szDay></szDay>
		<szNight></szNight>
		<szDayAlt></szDayAlt>
		<szNightAlt></szNightAlt>
	</SECTOR>
	<SECTOR>
		<uiIndex>252</uiIndex>
		<szLocation>P12</szLocation>
		<RandomAltSector>0</RandomAltSector>
		<szImageFormat></szImageFormat>
		<szDay></szDay>
		<szNight></szNight>
		<szDayAlt></szDayAlt>
		<szNightAlt></szNightAlt>
	</SECTOR>
	<SECTOR>
		<uiIndex>253</uiIndex>
		<szLocation>P13</szLocation>
		<RandomAltSector>0</RandomAltSector>
		<szImageFormat></szImageFormat>
		<szDay></szDay>
		<szNight></szNight>
		<szDayAlt></szDayAlt>
		<szNightAlt></szNightAlt>
	</SECTOR>
	<SECTOR>
		<uiIndex>254</uiIndex>
		<szLocation>P14</szLocation>
		<RandomAltSector>0</RandomAltSector>
		<szImageFormat></szImageFormat>
		<szDay></szDay>
		<szNight></szNight>
		<szDayAlt></szDayAlt>
		<szNightAlt></szNightAlt>
	</SECTOR>
	<SECTOR>
		<uiIndex>255</uiIndex>
		<szLocation>P15</szLocation>
		<RandomAltSector>0</RandomAltSector>
		<szImageFormat></szImageFormat>
		<szDay></szDay>
		<szNight></szNight>
		<szDayAlt></szDayAlt>
		<szNightAlt></szNightAlt>
	</SECTOR>
	<SECTOR>
		<uiIndex>256</uiIndex>
		<szLocation>P16</szLocation>
		<RandomAltSector>0</RandomAltSector>
		<szImageFormat></szImageFormat>
		<szDay></szDay>
		<szNight></szNight>
		<szDayAlt></szDayAlt>
		<szNightAlt></szNightAlt>
	</SECTOR>
</LOADSCREENS>