<?xml version="1.0" encoding="utf-8"?>
<INVENTORYLIST>
	<INVENTORY>
		<uiIndex>0</uiIndex>
		<sItemIndex>1356</sItemIndex>
		<ubOptimalNumber>0</ubOptimalNumber>
	</INVENTORY>
	<INVENTORY>
		<uiIndex>1</uiIndex>
		<sItemIndex>1357</sItemIndex>
		<ubOptimalNumber>0</ubOptimalNumber>
	</INVENTORY>
	<INVENTORY>
		<uiIndex>2</uiIndex>
		<sItemIndex>1358</sItemIndex>
		<ubOptimalNumber>0</ubOptimalNumber>
	</INVENTORY>
	<INVENTORY>
		<uiIndex>3</uiIndex>
		<sItemIndex>201</sItemIndex>
		<ubOptimalNumber>5</ubOptimalNumber>
	</INVENTORY>
	<INVENTORY>
		<uiIndex>4</uiIndex>
		<sItemIndex>202</sItemIndex>
		<ubOptimalNumber>3</ubOptimalNumber>
	</INVENTORY>
	<INVENTORY>
		<uiIndex>5</uiIndex>
		<sItemIndex>216</sItemIndex>
		<ubOptimalNumber>1</ubOptimalNumber>
	</INVENTORY>
	<INVENTORY>
		<uiIndex>6</uiIndex>
		<sItemIndex>183</sItemIndex>
		<ubOptimalNumber>1</ubOptimalNumber>
	</INVENTORY>
	<INVENTORY>
		<uiIndex>7</uiIndex>
		<sItemIndex>315</sItemIndex>
		<ubOptimalNumber>1</ubOptimalNumber>
	</INVENTORY>
	<INVENTORY>
		<uiIndex>8</uiIndex>
		<sItemIndex>257</sItemIndex>
		<ubOptimalNumber>1</ubOptimalNumber>
	</INVENTORY>
	<INVENTORY>
		<uiIndex>9</uiIndex>
		<sItemIndex>37</sItemIndex>
		<ubOptimalNumber>2</ubOptimalNumber>
	</INVENTORY>
	<INVENTORY>
		<uiIndex>10</uiIndex>
		<sItemIndex>38</sItemIndex>
		<ubOptimalNumber>3</ubOptimalNumber>
	</INVENTORY>
	<INVENTORY>
		<uiIndex>11</uiIndex>
		<sItemIndex>54</sItemIndex>
		<ubOptimalNumber>1</ubOptimalNumber>
	</INVENTORY>
	<INVENTORY>
		<uiIndex>12</uiIndex>
		<sItemIndex>161</sItemIndex>
		<ubOptimalNumber>2</ubOptimalNumber>
	</INVENTORY>
	<INVENTORY>
		<uiIndex>13</uiIndex>
		<sItemIndex>176</sItemIndex>
		<ubOptimalNumber>3</ubOptimalNumber>
	</INVENTORY>
	<INVENTORY>
		<uiIndex>14</uiIndex>
		<sItemIndex>176</sItemIndex>
		<ubOptimalNumber>3</ubOptimalNumber>
	</INVENTORY>
	<INVENTORY>
		<uiIndex>15</uiIndex>
		<sItemIndex>188</sItemIndex>
		<ubOptimalNumber>1</ubOptimalNumber>
	</INVENTORY>
	<INVENTORY>
		<uiIndex>16</uiIndex>
		<sItemIndex>212</sItemIndex>
		<ubOptimalNumber>3</ubOptimalNumber>
	</INVENTORY>
	<INVENTORY>
		<uiIndex>17</uiIndex>
		<sItemIndex>213</sItemIndex>
		<ubOptimalNumber>1</ubOptimalNumber>
	</INVENTORY>
	<INVENTORY>
		<uiIndex>18</uiIndex>
		<sItemIndex>211</sItemIndex>
		<ubOptimalNumber>3</ubOptimalNumber>
	</INVENTORY>
	<INVENTORY>
		<uiIndex>19</uiIndex>
		<sItemIndex>210</sItemIndex>
		<ubOptimalNumber>2</ubOptimalNumber>
	</INVENTORY>
	<INVENTORY>
		<uiIndex>20</uiIndex>
		<sItemIndex>205</sItemIndex>
		<ubOptimalNumber>2</ubOptimalNumber>
	</INVENTORY>
	<INVENTORY>
		<uiIndex>21</uiIndex>
		<sItemIndex>214</sItemIndex>
		<ubOptimalNumber>5</ubOptimalNumber>
	</INVENTORY>
	<INVENTORY>
		<uiIndex>22</uiIndex>
		<sItemIndex>64</sItemIndex>
		<ubOptimalNumber>1</ubOptimalNumber>
	</INVENTORY>
	<INVENTORY>
		<uiIndex>23</uiIndex>
		<sItemIndex>220</sItemIndex>
		<ubOptimalNumber>3</ubOptimalNumber>
	</INVENTORY>
	<INVENTORY>
		<uiIndex>24</uiIndex>
		<sItemIndex>243</sItemIndex>
		<ubOptimalNumber>1</ubOptimalNumber>
	</INVENTORY>
	<INVENTORY>
		<uiIndex>25</uiIndex>
		<sItemIndex>304</sItemIndex>
		<ubOptimalNumber>1</ubOptimalNumber>
	</INVENTORY>
	<INVENTORY>
		<uiIndex>26</uiIndex>
		<sItemIndex>304</sItemIndex>
		<ubOptimalNumber>1</ubOptimalNumber>
	</INVENTORY>
	<INVENTORY>
		<uiIndex>27</uiIndex>
		<sItemIndex>204</sItemIndex>
		<ubOptimalNumber>4</ubOptimalNumber>
	</INVENTORY>
	<INVENTORY>
		<uiIndex>28</uiIndex>
		<sItemIndex>203</sItemIndex>
		<ubOptimalNumber>3</ubOptimalNumber>
	</INVENTORY>
	<INVENTORY>
		<uiIndex>29</uiIndex>
		<sItemIndex>203</sItemIndex>
		<ubOptimalNumber>3</ubOptimalNumber>
	</INVENTORY>
	<INVENTORY>
		<uiIndex>30</uiIndex>
		<sItemIndex>266</sItemIndex>
		<ubOptimalNumber>1</ubOptimalNumber>
	</INVENTORY>
	<INVENTORY>
		<uiIndex>31</uiIndex>
		<sItemIndex>267</sItemIndex>
		<ubOptimalNumber>1</ubOptimalNumber>
	</INVENTORY>
	<INVENTORY>
		<uiIndex>32</uiIndex>
		<sItemIndex>267</sItemIndex>
		<ubOptimalNumber>1</ubOptimalNumber>
	</INVENTORY>
	<INVENTORY>
		<uiIndex>33</uiIndex>
		<sItemIndex>318</sItemIndex>
		<ubOptimalNumber>1</ubOptimalNumber>
	</INVENTORY>
	<INVENTORY>
		<uiIndex>34</uiIndex>
		<sItemIndex>264</sItemIndex>
		<ubOptimalNumber>1</ubOptimalNumber>
	</INVENTORY>
	<INVENTORY>
		<uiIndex>35</uiIndex>
		<sItemIndex>265</sItemIndex>
		<ubOptimalNumber>1</ubOptimalNumber>
	</INVENTORY>
	<INVENTORY>
		<uiIndex>36</uiIndex>
		<sItemIndex>309</sItemIndex>
		<ubOptimalNumber>1</ubOptimalNumber>
	</INVENTORY>
	<INVENTORY>
		<uiIndex>37</uiIndex>
		<sItemIndex>316</sItemIndex>
		<ubOptimalNumber>2</ubOptimalNumber>
	</INVENTORY>
	<INVENTORY>
		<uiIndex>38</uiIndex>
		<sItemIndex>322</sItemIndex>
		<ubOptimalNumber>3</ubOptimalNumber>
	</INVENTORY>
	<INVENTORY>
		<uiIndex>39</uiIndex>
		<sItemIndex>146</sItemIndex>
		<ubOptimalNumber>5</ubOptimalNumber>
	</INVENTORY>
	<INVENTORY>
		<uiIndex>40</uiIndex>
		<sItemIndex>146</sItemIndex>
		<ubOptimalNumber>5</ubOptimalNumber>
	</INVENTORY>
	<INVENTORY>
		<uiIndex>41</uiIndex>
		<sItemIndex>194</sItemIndex>
		<ubOptimalNumber>2</ubOptimalNumber>
	</INVENTORY>
	<INVENTORY>
		<uiIndex>42</uiIndex>
		<sItemIndex>269</sItemIndex>
		<ubOptimalNumber>3</ubOptimalNumber>
	</INVENTORY>
	<INVENTORY>
		<uiIndex>43</uiIndex>
		<sItemIndex>320</sItemIndex>
		<ubOptimalNumber>1</ubOptimalNumber>
	</INVENTORY>
	<INVENTORY>
		<uiIndex>44</uiIndex>
		<sItemIndex>256</sItemIndex>
		<ubOptimalNumber>2</ubOptimalNumber>
	</INVENTORY>
	<INVENTORY>
		<uiIndex>45</uiIndex>
		<sItemIndex>255</sItemIndex>
		<ubOptimalNumber>2</ubOptimalNumber>
	</INVENTORY>
	<INVENTORY>
		<uiIndex>46</uiIndex>
		<sItemIndex>245</sItemIndex>
		<ubOptimalNumber>2</ubOptimalNumber>
	</INVENTORY>
	<INVENTORY>
		<uiIndex>47</uiIndex>
		<sItemIndex>269</sItemIndex>
		<ubOptimalNumber>1</ubOptimalNumber>
	</INVENTORY>
	<INVENTORY>
		<uiIndex>48</uiIndex>
		<sItemIndex>1359</sItemIndex>
		<ubOptimalNumber>0</ubOptimalNumber>
	</INVENTORY>
	<INVENTORY>
		<uiIndex>49</uiIndex>
		<sItemIndex>1360</sItemIndex>
		<ubOptimalNumber>0</ubOptimalNumber>
	</INVENTORY>
	<INVENTORY>
		<uiIndex>50</uiIndex>
		<sItemIndex>1353</sItemIndex>
		<ubOptimalNumber>0</ubOptimalNumber>
	</INVENTORY>
	<INVENTORY>
		<uiIndex>51</uiIndex>
		<sItemIndex>1355</sItemIndex>
		<ubOptimalNumber>0</ubOptimalNumber>
	</INVENTORY>
	<INVENTORY>
		<uiIndex>52</uiIndex>
		<sItemIndex>1361</sItemIndex>
		<ubOptimalNumber>0</ubOptimalNumber>
	</INVENTORY>
</INVENTORYLIST>