﻿<?xml version="1.0" encoding="utf-8"?>
<!-->
ubShopKeeperID must be of enum NPCIDs
{
	BIFF = 40,
	HAYWIRE,
	GASKET,
	RAZOR,
	FLO,
	GUMPY,
	LARRY_NORMAL,
	LARRY_DRUNK,
	COUGAR,
	NUMB,
	BUBBA,
#ifdef JA2UB
	MIGUEL = 58,  	//Ja25:		Was 57
#else
	MIGUEL = 57,
#endif
	CARLOS,
	IRA,
	DIMITRI,

	DEVIN,	// 61
	ROBOT,
	HAMOUS,
	SLAY,
#ifdef JA2UB
//	RPC65,
#else
	RPC65,
#endif
	DYNAMO,
	SHANK,
	IGGY,
	VINCE,
	CONRAD,

	RPC71,	// 71
	MADDOG,
	DARREL,
	PERKO,
	QUEEN,
	AUNTIE,
	ENRICO, //GABBY, //ENRICO,
	CARMEN,
	JOE,
	STEVE,

	RAT,		// 81
	ANNIE,
	CHRIS,
	BOB,
	BRENDA,
	KINGPIN,
	DARREN,
	MARIA,
	ANGEL,
	JOEY,

	TONY,		// 91
	FRANK,
	SPIKE,
	DAMON,
	KYLE,
	MICKY,
	SKYRIDER,
	PABLO,
	SAL,
	FATHER,

	FATIMA,	// 101
	WARDEN,
	GORDON,
	GABBY, //ENRICO, //GABBY,
	ERNEST,
	FRED,
	MADAME,
	YANNI,
	MARTHA,
	TIFFANY,

	T_REX,	// 111
	DRUGGIST,	// ELGIN
	JAKE,
	PACOS,
	GERARD,
	SKIPPER,
	HANS,
	JOHN,
	MARY,
	GENERAL,

	SERGEANT,	// 121
	ARMAND,
	LORA,
	FRANZ,
	HOWARD,
	SAM,
	ELDIN,
	ARNIE,
	TINA,
	FREDO,

	WALTER,	// 131
	JENNY,
	BILLY,
	BREWSTER,
	ELLIOT,
	DEREK,
	OLIVER,
	WALDO,
	DOREEN,
	JIM,

	JACK,		// 141
	OLAF,
	RAY,
	OLGA,
	TYRONE,
	MADLAB,
	KEITH,
	MATT,
	MIKE,
	DARYL,

	HERVE,	// 151
	PETER,
	ALBERTO,
	CARLO,
	MANNY,
	OSWALD,
	CALVIN,
	CARL,
	SPECK,
	
	PROF_HUMMER,

	PROF_ELDERODO,	// 161
	PROF_ICECREAM,
	PROF_HELICOPTER,
	NPC164,
#ifdef JA2UB
	NPC165,
	NPC166,
	NPC167,
	NPC168,
	NPC169,
#else
	GASTON,
	STOGIE,
	TEX,
	BIGGENS,
	NPC169,
#endif	
	NPC170 = NPC169 + 84,
} ;

ubTypeOfArmsDealer must be of enum
{
	ARMS_DEALER_BUYS_SELLS = 0,
	ARMS_DEALER_SELLS_ONLY,
	ARMS_DEALER_BUYS_ONLY,
	ARMS_DEALER_REPAIRS,
};

uiFlags must be of 
#define		ARMS_DEALER_ONLY_USED_ITEMS			0x08000000	// 134217728
#define		ARMS_DEALER_GIVES_CHANGE			  0x10000000	// 268435456	//The arms dealer will give the required change when doing a transaction
#define		ARMS_DEALER_ACCEPTS_GIFTS			  0x20000000	// 536870912	//The arms dealer is the kind of person who will accept gifts
#define		ARMS_DEALER_SOME_USED_ITEMS			0x40000000	// 1073741824	//The arms dealer can have used items in his inventory
#define		ARMS_DEALER_HAS_NO_INVENTORY		0x80000000	// 2147483648	//The arms dealer does not carry any inventory
-->
<MERCHANTSLIST>
	<MERCHANT>
    <uiIndex>0</uiIndex>
    <szName>Tony</szName>
    <dBuyModifier>0.75</dBuyModifier>
    <dSellModifier>1.25</dSellModifier>
    <ubShopKeeperID>91</ubShopKeeperID>
    <ubTypeOfArmsDealer>0</ubTypeOfArmsDealer>
    <iInitialCash>15000</iInitialCash>
    <uiFlags>1342177280</uiFlags>
    <dailyIncrement>15000</dailyIncrement>
    <dailyMaximum>15000</dailyMaximum>
    <dailyRetained>0</dailyRetained>
    <minCoolness>1</minCoolness>
    <maxCoolness>10</maxCoolness>
    <addToCoolness>1</addToCoolness>
    <coolnessProgressRate>10</coolnessProgressRate>
    <daysDelayMin>2</daysDelayMin>
    <daysDelayMax>3</daysDelayMax>
    <useBRSetting>0</useBRSetting>
    <allInventoryAlwaysAvailable>0</allInventoryAlwaysAvailable>
	</MERCHANT>
	<MERCHANT>
    <uiIndex>1</uiIndex>
    <szName>Franz</szName>
    <dBuyModifier>1.0</dBuyModifier>
    <dSellModifier>1.5</dSellModifier>
    <ubShopKeeperID>124</ubShopKeeperID>
    <ubTypeOfArmsDealer>0</ubTypeOfArmsDealer>
    <iInitialCash>5000</iInitialCash>
    <uiFlags>1342177280</uiFlags>
    <dailyIncrement>5000</dailyIncrement>
    <dailyMaximum>5000</dailyMaximum>
    <dailyRetained>0</dailyRetained>
    <minCoolness>1</minCoolness>
    <maxCoolness>10</maxCoolness>
    <addToCoolness>0</addToCoolness>
    <coolnessProgressRate>100</coolnessProgressRate>
    <daysDelayMin>1</daysDelayMin>
    <daysDelayMax>2</daysDelayMax>
    <useBRSetting>0</useBRSetting>
    <allInventoryAlwaysAvailable>1</allInventoryAlwaysAvailable>
	</MERCHANT>
	<MERCHANT>
    <uiIndex>2</uiIndex>
    <szName>Keith</szName>
    <dBuyModifier>0.75</dBuyModifier>
    <dSellModifier>1.0</dSellModifier>
    <ubShopKeeperID>147</ubShopKeeperID>
    <ubTypeOfArmsDealer>0</ubTypeOfArmsDealer>
    <iInitialCash>1500</iInitialCash>
    <uiFlags>402653184</uiFlags>
    <dailyIncrement>1500</dailyIncrement>
    <dailyMaximum>1500</dailyMaximum>
    <dailyRetained>0</dailyRetained>
    <minCoolness>1</minCoolness>
    <maxCoolness>10</maxCoolness>
    <addToCoolness>0</addToCoolness>
    <coolnessProgressRate>100</coolnessProgressRate>
    <daysDelayMin>1</daysDelayMin>
    <daysDelayMax>2</daysDelayMax>
    <useBRSetting>0</useBRSetting>
    <allInventoryAlwaysAvailable>1</allInventoryAlwaysAvailable>
	</MERCHANT>
	<MERCHANT>
    <uiIndex>3</uiIndex>
    <szName>Jake</szName>
    <dBuyModifier>0.8</dBuyModifier>
    <dSellModifier>1.1</dSellModifier>
    <ubShopKeeperID>113</ubShopKeeperID>
    <ubTypeOfArmsDealer>0</ubTypeOfArmsDealer>
    <iInitialCash>2500</iInitialCash>
    <uiFlags>402653184</uiFlags>
    <dailyIncrement>2500</dailyIncrement>
    <dailyMaximum>2500</dailyMaximum>
    <dailyRetained>0</dailyRetained>
    <minCoolness>1</minCoolness>
    <maxCoolness>10</maxCoolness>
    <addToCoolness>0</addToCoolness>
    <coolnessProgressRate>100</coolnessProgressRate>
    <daysDelayMin>1</daysDelayMin>
    <daysDelayMax>2</daysDelayMax>
    <useBRSetting>0</useBRSetting>
    <allInventoryAlwaysAvailable>1</allInventoryAlwaysAvailable>
	</MERCHANT>
	<MERCHANT>
    <uiIndex>4</uiIndex>
    <szName>Gabby</szName>
    <dBuyModifier>1.0</dBuyModifier>
    <dSellModifier>1.0</dSellModifier>
    <ubShopKeeperID>104</ubShopKeeperID>
    <ubTypeOfArmsDealer>0</ubTypeOfArmsDealer>
    <iInitialCash>3000</iInitialCash>
    <uiFlags>268435456</uiFlags>
    <dailyIncrement>3000</dailyIncrement>
    <dailyMaximum>3000</dailyMaximum>
    <dailyRetained>0</dailyRetained>
    <minCoolness>1</minCoolness>
    <maxCoolness>10</maxCoolness>
    <addToCoolness>0</addToCoolness>
    <coolnessProgressRate>100</coolnessProgressRate>
    <daysDelayMin>1</daysDelayMin>
    <daysDelayMax>2</daysDelayMax>
    <useBRSetting>0</useBRSetting>
    <allInventoryAlwaysAvailable>1</allInventoryAlwaysAvailable>
	</MERCHANT>
	<MERCHANT>
    <uiIndex>5</uiIndex>
    <szName>Howard</szName>
    <dBuyModifier>1.0</dBuyModifier>
    <dSellModifier>1.0</dSellModifier>
    <ubShopKeeperID>125</ubShopKeeperID>
    <ubTypeOfArmsDealer>1</ubTypeOfArmsDealer>
    <iInitialCash>3000</iInitialCash>
    <uiFlags>268435456</uiFlags>
    <dailyIncrement>3000</dailyIncrement>
    <dailyMaximum>3000</dailyMaximum>
    <dailyRetained>0</dailyRetained>
    <minCoolness>1</minCoolness>
    <maxCoolness>10</maxCoolness>
    <addToCoolness>0</addToCoolness>
    <coolnessProgressRate>100</coolnessProgressRate>
    <daysDelayMin>1</daysDelayMin>
    <daysDelayMax>2</daysDelayMax>
    <useBRSetting>0</useBRSetting>
    <allInventoryAlwaysAvailable>1</allInventoryAlwaysAvailable>
	</MERCHANT>
	<MERCHANT>
    <uiIndex>6</uiIndex>
    <szName>Sam</szName>
    <dBuyModifier>1.0</dBuyModifier>
    <dSellModifier>1.0</dSellModifier>
    <ubShopKeeperID>126</ubShopKeeperID>
    <ubTypeOfArmsDealer>1</ubTypeOfArmsDealer>
    <iInitialCash>3000</iInitialCash>
    <uiFlags>268435456</uiFlags>
    <dailyIncrement>3000</dailyIncrement>
    <dailyMaximum>3000</dailyMaximum>
    <dailyRetained>0</dailyRetained>
    <minCoolness>1</minCoolness>
    <maxCoolness>10</maxCoolness>
    <addToCoolness>0</addToCoolness>
    <coolnessProgressRate>100</coolnessProgressRate>
    <daysDelayMin>1</daysDelayMin>
    <daysDelayMax>2</daysDelayMax>
    <useBRSetting>0</useBRSetting>
    <allInventoryAlwaysAvailable>1</allInventoryAlwaysAvailable>
	</MERCHANT>
	<MERCHANT>
    <uiIndex>7</uiIndex>
    <szName>Frank</szName>
    <dBuyModifier>1.0</dBuyModifier>
    <dSellModifier>1.0</dSellModifier>
    <ubShopKeeperID>92</ubShopKeeperID>
    <ubTypeOfArmsDealer>1</ubTypeOfArmsDealer>
    <iInitialCash>500</iInitialCash>
    <uiFlags>536870912</uiFlags>
    <dailyIncrement>500</dailyIncrement>
    <dailyMaximum>500</dailyMaximum>
    <dailyRetained>0</dailyRetained>
    <minCoolness>1</minCoolness>
    <maxCoolness>10</maxCoolness>
    <addToCoolness>0</addToCoolness>
    <coolnessProgressRate>100</coolnessProgressRate>
    <daysDelayMin>1</daysDelayMin>
    <daysDelayMax>2</daysDelayMax>
    <useBRSetting>0</useBRSetting>
    <allInventoryAlwaysAvailable>1</allInventoryAlwaysAvailable>
	</MERCHANT>
	<MERCHANT>
    <uiIndex>8</uiIndex>
    <szName>Herve</szName>
    <dBuyModifier>1.0</dBuyModifier>
    <dSellModifier>1.0</dSellModifier>
    <ubShopKeeperID>151</ubShopKeeperID>
    <ubTypeOfArmsDealer>1</ubTypeOfArmsDealer>
    <iInitialCash>250</iInitialCash>
    <uiFlags>536870912</uiFlags>
    <dailyIncrement>250</dailyIncrement>
    <dailyMaximum>250</dailyMaximum>
    <dailyRetained>0</dailyRetained>
    <minCoolness>1</minCoolness>
    <maxCoolness>10</maxCoolness>
    <addToCoolness>0</addToCoolness>
    <coolnessProgressRate>100</coolnessProgressRate>
    <daysDelayMin>1</daysDelayMin>
    <daysDelayMax>2</daysDelayMax>
    <useBRSetting>0</useBRSetting>
    <allInventoryAlwaysAvailable>1</allInventoryAlwaysAvailable>
	</MERCHANT>
	<MERCHANT>
    <uiIndex>9</uiIndex>
    <szName>Peter</szName>
    <dBuyModifier>1.0</dBuyModifier>
    <dSellModifier>1.0</dSellModifier>
    <ubShopKeeperID>152</ubShopKeeperID>
    <ubTypeOfArmsDealer>1</ubTypeOfArmsDealer>
    <iInitialCash>250</iInitialCash>
    <uiFlags>536870912</uiFlags>
    <dailyIncrement>250</dailyIncrement>
    <dailyMaximum>250</dailyMaximum>
    <dailyRetained>0</dailyRetained>
    <minCoolness>1</minCoolness>
    <maxCoolness>10</maxCoolness>
    <addToCoolness>0</addToCoolness>
    <coolnessProgressRate>100</coolnessProgressRate>
    <daysDelayMin>1</daysDelayMin>
    <daysDelayMax>2</daysDelayMax>
    <useBRSetting>0</useBRSetting>
    <allInventoryAlwaysAvailable>1</allInventoryAlwaysAvailable>
	</MERCHANT>
	<MERCHANT>
    <uiIndex>10</uiIndex>
    <szName>Alberto</szName>
    <dBuyModifier>1.0</dBuyModifier>
    <dSellModifier>1.0</dSellModifier>
    <ubShopKeeperID>153</ubShopKeeperID>
    <ubTypeOfArmsDealer>1</ubTypeOfArmsDealer>
    <iInitialCash>250</iInitialCash>
    <uiFlags>536870912</uiFlags>
    <dailyIncrement>250</dailyIncrement>
    <dailyMaximum>250</dailyMaximum>
    <dailyRetained>0</dailyRetained>
    <minCoolness>1</minCoolness>
    <maxCoolness>10</maxCoolness>
    <addToCoolness>0</addToCoolness>
    <coolnessProgressRate>100</coolnessProgressRate>
    <daysDelayMin>1</daysDelayMin>
    <daysDelayMax>2</daysDelayMax>
    <useBRSetting>0</useBRSetting>
    <allInventoryAlwaysAvailable>1</allInventoryAlwaysAvailable>
	</MERCHANT>
	<MERCHANT>
    <uiIndex>11</uiIndex>
    <szName>Carlo</szName>
    <dBuyModifier>1.0</dBuyModifier>
    <dSellModifier>1.0</dSellModifier>
    <ubShopKeeperID>154</ubShopKeeperID>
    <ubTypeOfArmsDealer>1</ubTypeOfArmsDealer>
    <iInitialCash>250</iInitialCash>
    <uiFlags>536870912</uiFlags>
    <dailyIncrement>250</dailyIncrement>
    <dailyMaximum>250</dailyMaximum>
    <dailyRetained>0</dailyRetained>
    <minCoolness>1</minCoolness>
    <maxCoolness>10</maxCoolness>
    <addToCoolness>0</addToCoolness>
    <coolnessProgressRate>100</coolnessProgressRate>
    <daysDelayMin>1</daysDelayMin>
    <daysDelayMax>2</daysDelayMax>
    <useBRSetting>0</useBRSetting>
    <allInventoryAlwaysAvailable>1</allInventoryAlwaysAvailable>
	</MERCHANT>
	<MERCHANT>
    <uiIndex>12</uiIndex>
    <szName>Micky</szName>
    <dBuyModifier>1.0</dBuyModifier>
    <dSellModifier>1.4</dSellModifier>
    <ubShopKeeperID>96</ubShopKeeperID>
    <ubTypeOfArmsDealer>2</ubTypeOfArmsDealer>
    <iInitialCash>10000</iInitialCash>
    <uiFlags>2415919104</uiFlags>
    <dailyIncrement>10000</dailyIncrement>
    <dailyMaximum>10000</dailyMaximum>
    <dailyRetained>0</dailyRetained>
    <minCoolness>1</minCoolness>
    <maxCoolness>10</maxCoolness>
    <addToCoolness>0</addToCoolness>
    <coolnessProgressRate>100</coolnessProgressRate>
    <daysDelayMin>1</daysDelayMin>
    <daysDelayMax>2</daysDelayMax>
    <useBRSetting>0</useBRSetting>
    <allInventoryAlwaysAvailable>1</allInventoryAlwaysAvailable>
	</MERCHANT>
	<MERCHANT>
    <uiIndex>13</uiIndex>
    <szName>Arnie</szName>
    <dBuyModifier>0.1</dBuyModifier>
    <dSellModifier>0.8</dSellModifier>
    <ubShopKeeperID>128</ubShopKeeperID>
    <ubTypeOfArmsDealer>3</ubTypeOfArmsDealer>
    <iInitialCash>1500</iInitialCash>
    <uiFlags>2415919104</uiFlags>
    <dailyIncrement>1500</dailyIncrement>
    <dailyMaximum>1500</dailyMaximum>
    <dailyRetained>0</dailyRetained>
    <minCoolness>1</minCoolness>
    <maxCoolness>10</maxCoolness>
    <addToCoolness>0</addToCoolness>
    <coolnessProgressRate>100</coolnessProgressRate>
    <daysDelayMin>1</daysDelayMin>
    <daysDelayMax>2</daysDelayMax>
    <useBRSetting>0</useBRSetting>
    <allInventoryAlwaysAvailable>1</allInventoryAlwaysAvailable>
	</MERCHANT>
	<MERCHANT>
    <uiIndex>14</uiIndex>
    <szName>Fredo</szName>
    <dBuyModifier>0.6</dBuyModifier>
    <dSellModifier>0.6</dSellModifier>
    <ubShopKeeperID>130</ubShopKeeperID>
    <ubTypeOfArmsDealer>3</ubTypeOfArmsDealer>
    <iInitialCash>1000</iInitialCash>
    <uiFlags>2415919104</uiFlags>
    <dailyIncrement>1000</dailyIncrement>
    <dailyMaximum>1000</dailyMaximum>
    <dailyRetained>0</dailyRetained>
    <minCoolness>1</minCoolness>
    <maxCoolness>10</maxCoolness>
    <addToCoolness>0</addToCoolness>
    <coolnessProgressRate>100</coolnessProgressRate>
    <daysDelayMin>1</daysDelayMin>
    <daysDelayMax>2</daysDelayMax>
    <useBRSetting>0</useBRSetting>
    <allInventoryAlwaysAvailable>1</allInventoryAlwaysAvailable>
	</MERCHANT>
	<MERCHANT>
    <uiIndex>15</uiIndex>
    <szName>Raul</szName>
    <dBuyModifier>0.8</dBuyModifier>
    <dSellModifier>1.8</dSellModifier>
    <ubShopKeeperID>74</ubShopKeeperID>
    <ubTypeOfArmsDealer>0</ubTypeOfArmsDealer>
    <iInitialCash>20000</iInitialCash>
    <uiFlags>1342177280</uiFlags>
    <dailyIncrement>2000</dailyIncrement>
    <dailyMaximum>5000</dailyMaximum>
    <dailyRetained>0</dailyRetained>
    <minCoolness>1</minCoolness>
    <maxCoolness>10</maxCoolness>
    <addToCoolness>0</addToCoolness>
    <coolnessProgressRate>10</coolnessProgressRate>
    <daysDelayMin>1</daysDelayMin>
    <daysDelayMax>2</daysDelayMax>
    <useBRSetting>0</useBRSetting>
    <allInventoryAlwaysAvailable>1</allInventoryAlwaysAvailable>
	</MERCHANT>
	<MERCHANT>
    <uiIndex>16</uiIndex>
    <szName>Druggist</szName>
    <dBuyModifier>1.0</dBuyModifier>
    <dSellModifier>1.0</dSellModifier>
    <ubShopKeeperID>112</ubShopKeeperID>
    <ubTypeOfArmsDealer>1</ubTypeOfArmsDealer>
    <iInitialCash>500</iInitialCash>
    <uiFlags>536870912</uiFlags>
    <dailyIncrement>500</dailyIncrement>
    <dailyMaximum>500</dailyMaximum>
    <dailyRetained>0</dailyRetained>
    <minCoolness>1</minCoolness>
    <maxCoolness>10</maxCoolness>
    <addToCoolness>0</addToCoolness>
    <coolnessProgressRate>100</coolnessProgressRate>
    <daysDelayMin>1</daysDelayMin>
    <daysDelayMax>2</daysDelayMax>
    <useBRSetting>0</useBRSetting>
    <allInventoryAlwaysAvailable>1</allInventoryAlwaysAvailable>
	</MERCHANT>
	<MERCHANT>
    <uiIndex>17</uiIndex>
    <szName>Manny</szName>
    <dBuyModifier>1.0</dBuyModifier>
    <dSellModifier>1.0</dSellModifier>
    <ubShopKeeperID>155</ubShopKeeperID>
    <ubTypeOfArmsDealer>1</ubTypeOfArmsDealer>
    <iInitialCash>500</iInitialCash>
    <uiFlags>536870912</uiFlags>
    <dailyIncrement>500</dailyIncrement>
    <dailyMaximum>500</dailyMaximum>
    <dailyRetained>0</dailyRetained>
    <minCoolness>1</minCoolness>
    <maxCoolness>10</maxCoolness>
    <addToCoolness>0</addToCoolness>
    <coolnessProgressRate>100</coolnessProgressRate>
    <daysDelayMin>1</daysDelayMin>
    <daysDelayMax>2</daysDelayMax>
    <useBRSetting>0</useBRSetting>
    <allInventoryAlwaysAvailable>1</allInventoryAlwaysAvailable>
	</MERCHANT>
	<MERCHANT>
    <uiIndex>18</uiIndex>
    <szName>Betty</szName>
    <dBuyModifier>0.75</dBuyModifier>
    <dSellModifier>1.25</dSellModifier>
    <ubShopKeeperID>73</ubShopKeeperID>
    <ubTypeOfArmsDealer>0</ubTypeOfArmsDealer>
    <iInitialCash>10000</iInitialCash>
    <uiFlags>1342177280</uiFlags>
    <dailyIncrement>1000</dailyIncrement>
    <dailyMaximum>1000</dailyMaximum>
    <dailyRetained>0</dailyRetained>
    <minCoolness>1</minCoolness>
    <maxCoolness>10</maxCoolness>
    <addToCoolness>0</addToCoolness>
    <coolnessProgressRate>10</coolnessProgressRate>
    <daysDelayMin>1</daysDelayMin>
    <daysDelayMax>2</daysDelayMax>
    <useBRSetting>0</useBRSetting>
    <allInventoryAlwaysAvailable>1</allInventoryAlwaysAvailable>
	</MERCHANT>
	<MERCHANT>
    <uiIndex>19</uiIndex>
    <szName>Tina</szName>
    <dBuyModifier>1.0</dBuyModifier>
    <dSellModifier>1.0</dSellModifier>
    <ubShopKeeperID>129</ubShopKeeperID>
    <ubTypeOfArmsDealer>0</ubTypeOfArmsDealer>
    <iInitialCash>800</iInitialCash>
    <uiFlags>268435456</uiFlags>
    <dailyIncrement>800</dailyIncrement>
    <dailyMaximum>800</dailyMaximum>
    <dailyRetained>0</dailyRetained>
    <minCoolness>1</minCoolness>
    <maxCoolness>10</maxCoolness>
    <addToCoolness>0</addToCoolness>
    <coolnessProgressRate>100</coolnessProgressRate>
    <daysDelayMin>1</daysDelayMin>
    <daysDelayMax>2</daysDelayMax>
    <useBRSetting>0</useBRSetting>
    <allInventoryAlwaysAvailable>1</allInventoryAlwaysAvailable>
	</MERCHANT>
	<MERCHANT>
    <uiIndex>20</uiIndex>
    <szName>additional dealer 1</szName>
    <dBuyModifier>1.0</dBuyModifier>
    <dSellModifier>1.0</dSellModifier>
    <ubShopKeeperID>255</ubShopKeeperID>
    <ubTypeOfArmsDealer>0</ubTypeOfArmsDealer>
    <iInitialCash>800</iInitialCash>
    <uiFlags>268435456</uiFlags>
    <dailyIncrement>800</dailyIncrement>
    <dailyMaximum>800</dailyMaximum>
    <dailyRetained>0</dailyRetained>
    <minCoolness>1</minCoolness>
    <maxCoolness>10</maxCoolness>
    <addToCoolness>0</addToCoolness>
    <coolnessProgressRate>100</coolnessProgressRate>
    <daysDelayMin>1</daysDelayMin>
    <daysDelayMax>2</daysDelayMax>
    <useBRSetting>0</useBRSetting>
    <allInventoryAlwaysAvailable>1</allInventoryAlwaysAvailable>
	</MERCHANT>
	<MERCHANT>
    <uiIndex>21</uiIndex>
    <szName>additional dealer 2</szName>
    <dBuyModifier>1.0</dBuyModifier>
    <dSellModifier>1.0</dSellModifier>
    <ubShopKeeperID>255</ubShopKeeperID>
    <ubTypeOfArmsDealer>0</ubTypeOfArmsDealer>
    <iInitialCash>800</iInitialCash>
    <uiFlags>268435456</uiFlags>
    <dailyIncrement>800</dailyIncrement>
    <dailyMaximum>800</dailyMaximum>
    <dailyRetained>0</dailyRetained>
    <minCoolness>1</minCoolness>
    <maxCoolness>10</maxCoolness>
    <addToCoolness>0</addToCoolness>
    <coolnessProgressRate>100</coolnessProgressRate>
    <daysDelayMin>1</daysDelayMin>
    <daysDelayMax>2</daysDelayMax>
    <useBRSetting>0</useBRSetting>
    <allInventoryAlwaysAvailable>1</allInventoryAlwaysAvailable>
	</MERCHANT>
	<MERCHANT>
    <uiIndex>22</uiIndex>
    <szName>additional dealer 3</szName>
    <dBuyModifier>1.0</dBuyModifier>
    <dSellModifier>1.0</dSellModifier>
    <ubShopKeeperID>255</ubShopKeeperID>
    <ubTypeOfArmsDealer>0</ubTypeOfArmsDealer>
    <iInitialCash>800</iInitialCash>
    <uiFlags>268435456</uiFlags>
    <dailyIncrement>800</dailyIncrement>
    <dailyMaximum>800</dailyMaximum>
    <dailyRetained>0</dailyRetained>
    <minCoolness>1</minCoolness>
    <maxCoolness>10</maxCoolness>
    <addToCoolness>0</addToCoolness>
    <coolnessProgressRate>100</coolnessProgressRate>
    <daysDelayMin>1</daysDelayMin>
    <daysDelayMax>2</daysDelayMax>
    <useBRSetting>0</useBRSetting>
    <allInventoryAlwaysAvailable>1</allInventoryAlwaysAvailable>
	</MERCHANT>
	<MERCHANT>
    <uiIndex>23</uiIndex>
    <szName>additional dealer 4</szName>
    <dBuyModifier>1.0</dBuyModifier>
    <dSellModifier>1.0</dSellModifier>
    <ubShopKeeperID>255</ubShopKeeperID>
    <ubTypeOfArmsDealer>0</ubTypeOfArmsDealer>
    <iInitialCash>800</iInitialCash>
    <uiFlags>268435456</uiFlags>
    <dailyIncrement>800</dailyIncrement>
    <dailyMaximum>800</dailyMaximum>
    <dailyRetained>0</dailyRetained>
    <minCoolness>1</minCoolness>
    <maxCoolness>10</maxCoolness>
    <addToCoolness>0</addToCoolness>
    <coolnessProgressRate>100</coolnessProgressRate>
    <daysDelayMin>1</daysDelayMin>
    <daysDelayMax>2</daysDelayMax>
    <useBRSetting>0</useBRSetting>
    <allInventoryAlwaysAvailable>1</allInventoryAlwaysAvailable>
	</MERCHANT>
	<MERCHANT>
    <uiIndex>24</uiIndex>
    <szName>additional dealer 5</szName>
    <dBuyModifier>1.0</dBuyModifier>
    <dSellModifier>1.0</dSellModifier>
    <ubShopKeeperID>255</ubShopKeeperID>
    <ubTypeOfArmsDealer>0</ubTypeOfArmsDealer>
    <iInitialCash>800</iInitialCash>
    <uiFlags>268435456</uiFlags>
    <dailyIncrement>800</dailyIncrement>
    <dailyMaximum>800</dailyMaximum>
    <dailyRetained>0</dailyRetained>
    <minCoolness>1</minCoolness>
    <maxCoolness>10</maxCoolness>
    <addToCoolness>0</addToCoolness>
    <coolnessProgressRate>100</coolnessProgressRate>
    <daysDelayMin>1</daysDelayMin>
    <daysDelayMax>2</daysDelayMax>
    <useBRSetting>0</useBRSetting>
    <allInventoryAlwaysAvailable>1</allInventoryAlwaysAvailable>
	</MERCHANT>
	<MERCHANT>
    <uiIndex>25</uiIndex>
    <szName>additional dealer 6</szName>
    <dBuyModifier>1.0</dBuyModifier>
    <dSellModifier>1.0</dSellModifier>
    <ubShopKeeperID>255</ubShopKeeperID>
    <ubTypeOfArmsDealer>0</ubTypeOfArmsDealer>
    <iInitialCash>800</iInitialCash>
    <uiFlags>268435456</uiFlags>
    <dailyIncrement>800</dailyIncrement>
    <dailyMaximum>800</dailyMaximum>
    <dailyRetained>0</dailyRetained>
    <minCoolness>1</minCoolness>
    <maxCoolness>10</maxCoolness>
    <addToCoolness>0</addToCoolness>
    <coolnessProgressRate>100</coolnessProgressRate>
    <daysDelayMin>1</daysDelayMin>
    <daysDelayMax>2</daysDelayMax>
    <useBRSetting>0</useBRSetting>
    <allInventoryAlwaysAvailable>1</allInventoryAlwaysAvailable>
	</MERCHANT>
	<MERCHANT>
    <uiIndex>26</uiIndex>
    <szName>additional dealer 7</szName>
    <dBuyModifier>1.0</dBuyModifier>
    <dSellModifier>1.0</dSellModifier>
    <ubShopKeeperID>255</ubShopKeeperID>
    <ubTypeOfArmsDealer>0</ubTypeOfArmsDealer>
    <iInitialCash>800</iInitialCash>
    <uiFlags>268435456</uiFlags>
    <dailyIncrement>800</dailyIncrement>
    <dailyMaximum>800</dailyMaximum>
    <dailyRetained>0</dailyRetained>
    <minCoolness>1</minCoolness>
    <maxCoolness>10</maxCoolness>
    <addToCoolness>0</addToCoolness>
    <coolnessProgressRate>100</coolnessProgressRate>
    <daysDelayMin>1</daysDelayMin>
    <daysDelayMax>2</daysDelayMax>
    <useBRSetting>0</useBRSetting>
    <allInventoryAlwaysAvailable>1</allInventoryAlwaysAvailable>
	</MERCHANT>
	<MERCHANT>
    <uiIndex>27</uiIndex>
    <szName>additional dealer 8</szName>
    <dBuyModifier>1.0</dBuyModifier>
    <dSellModifier>1.0</dSellModifier>
    <ubShopKeeperID>255</ubShopKeeperID>
    <ubTypeOfArmsDealer>0</ubTypeOfArmsDealer>
    <iInitialCash>800</iInitialCash>
    <uiFlags>268435456</uiFlags>
    <dailyIncrement>800</dailyIncrement>
    <dailyMaximum>800</dailyMaximum>
    <dailyRetained>0</dailyRetained>
    <minCoolness>1</minCoolness>
    <maxCoolness>10</maxCoolness>
    <addToCoolness>0</addToCoolness>
    <coolnessProgressRate>100</coolnessProgressRate>
    <daysDelayMin>1</daysDelayMin>
    <daysDelayMax>2</daysDelayMax>
    <useBRSetting>0</useBRSetting>
    <allInventoryAlwaysAvailable>1</allInventoryAlwaysAvailable>
	</MERCHANT>
	<MERCHANT>
    <uiIndex>28</uiIndex>
    <szName>additional dealer 9</szName>
    <dBuyModifier>1.0</dBuyModifier>
    <dSellModifier>1.0</dSellModifier>
    <ubShopKeeperID>255</ubShopKeeperID>
    <ubTypeOfArmsDealer>0</ubTypeOfArmsDealer>
    <iInitialCash>800</iInitialCash>
    <uiFlags>268435456</uiFlags>
    <dailyIncrement>800</dailyIncrement>
    <dailyMaximum>800</dailyMaximum>
    <dailyRetained>0</dailyRetained>
    <minCoolness>1</minCoolness>
    <maxCoolness>10</maxCoolness>
    <addToCoolness>0</addToCoolness>
    <coolnessProgressRate>100</coolnessProgressRate>
    <daysDelayMin>1</daysDelayMin>
    <daysDelayMax>2</daysDelayMax>
    <useBRSetting>0</useBRSetting>
    <allInventoryAlwaysAvailable>1</allInventoryAlwaysAvailable>
	</MERCHANT>
	<MERCHANT>
    <uiIndex>29</uiIndex>
    <szName>additional dealer 10</szName>
    <dBuyModifier>1.0</dBuyModifier>
    <dSellModifier>1.0</dSellModifier>
    <ubShopKeeperID>255</ubShopKeeperID>
    <ubTypeOfArmsDealer>0</ubTypeOfArmsDealer>
    <iInitialCash>800</iInitialCash>
    <uiFlags>268435456</uiFlags>
    <dailyIncrement>800</dailyIncrement>
    <dailyMaximum>800</dailyMaximum>
    <dailyRetained>0</dailyRetained>
    <minCoolness>1</minCoolness>
    <maxCoolness>10</maxCoolness>
    <addToCoolness>0</addToCoolness>
    <coolnessProgressRate>100</coolnessProgressRate>
    <daysDelayMin>1</daysDelayMin>
    <daysDelayMax>2</daysDelayMax>
    <useBRSetting>0</useBRSetting>
    <allInventoryAlwaysAvailable>1</allInventoryAlwaysAvailable>
	</MERCHANT>
	<MERCHANT>
    <uiIndex>30</uiIndex>
    <szName>additional dealer 11</szName>
    <dBuyModifier>1.0</dBuyModifier>
    <dSellModifier>1.0</dSellModifier>
    <ubShopKeeperID>255</ubShopKeeperID>
    <ubTypeOfArmsDealer>0</ubTypeOfArmsDealer>
    <iInitialCash>800</iInitialCash>
    <uiFlags>268435456</uiFlags>
    <dailyIncrement>800</dailyIncrement>
    <dailyMaximum>800</dailyMaximum>
    <dailyRetained>0</dailyRetained>
    <minCoolness>1</minCoolness>
    <maxCoolness>10</maxCoolness>
    <addToCoolness>0</addToCoolness>
    <coolnessProgressRate>100</coolnessProgressRate>
    <daysDelayMin>1</daysDelayMin>
    <daysDelayMax>2</daysDelayMax>
    <useBRSetting>0</useBRSetting>
    <allInventoryAlwaysAvailable>1</allInventoryAlwaysAvailable>
	</MERCHANT>
	<MERCHANT>
    <uiIndex>31</uiIndex>
    <szName>additional dealer 12</szName>
    <dBuyModifier>1.0</dBuyModifier>
    <dSellModifier>1.0</dSellModifier>
    <ubShopKeeperID>255</ubShopKeeperID>
    <ubTypeOfArmsDealer>0</ubTypeOfArmsDealer>
    <iInitialCash>800</iInitialCash>
    <uiFlags>268435456</uiFlags>
    <dailyIncrement>800</dailyIncrement>
    <dailyMaximum>800</dailyMaximum>
    <dailyRetained>0</dailyRetained>
    <minCoolness>1</minCoolness>
    <maxCoolness>10</maxCoolness>
    <addToCoolness>0</addToCoolness>
    <coolnessProgressRate>100</coolnessProgressRate>
    <daysDelayMin>1</daysDelayMin>
    <daysDelayMax>2</daysDelayMax>
    <useBRSetting>0</useBRSetting>
    <allInventoryAlwaysAvailable>1</allInventoryAlwaysAvailable>
	</MERCHANT>
	<MERCHANT>
    <uiIndex>32</uiIndex>
    <szName>additional dealer 13</szName>
    <dBuyModifier>1.0</dBuyModifier>
    <dSellModifier>1.0</dSellModifier>
    <ubShopKeeperID>255</ubShopKeeperID>
    <ubTypeOfArmsDealer>0</ubTypeOfArmsDealer>
    <iInitialCash>800</iInitialCash>
    <uiFlags>268435456</uiFlags>
    <dailyIncrement>800</dailyIncrement>
    <dailyMaximum>800</dailyMaximum>
    <dailyRetained>0</dailyRetained>
    <minCoolness>1</minCoolness>
    <maxCoolness>10</maxCoolness>
    <addToCoolness>0</addToCoolness>
    <coolnessProgressRate>100</coolnessProgressRate>
    <daysDelayMin>1</daysDelayMin>
    <daysDelayMax>2</daysDelayMax>
    <useBRSetting>0</useBRSetting>
    <allInventoryAlwaysAvailable>1</allInventoryAlwaysAvailable>
	</MERCHANT>
	<MERCHANT>
    <uiIndex>33</uiIndex>
    <szName>additional dealer 14</szName>
    <dBuyModifier>1.0</dBuyModifier>
    <dSellModifier>1.0</dSellModifier>
    <ubShopKeeperID>255</ubShopKeeperID>
    <ubTypeOfArmsDealer>0</ubTypeOfArmsDealer>
    <iInitialCash>800</iInitialCash>
    <uiFlags>268435456</uiFlags>
    <dailyIncrement>800</dailyIncrement>
    <dailyMaximum>800</dailyMaximum>
    <dailyRetained>0</dailyRetained>
    <minCoolness>1</minCoolness>
    <maxCoolness>10</maxCoolness>
    <addToCoolness>0</addToCoolness>
    <coolnessProgressRate>100</coolnessProgressRate>
    <daysDelayMin>1</daysDelayMin>
    <daysDelayMax>2</daysDelayMax>
    <useBRSetting>0</useBRSetting>
    <allInventoryAlwaysAvailable>1</allInventoryAlwaysAvailable>
	</MERCHANT>
	<MERCHANT>
    <uiIndex>34</uiIndex>
    <szName>additional dealer 15</szName>
    <dBuyModifier>1.0</dBuyModifier>
    <dSellModifier>1.0</dSellModifier>
    <ubShopKeeperID>255</ubShopKeeperID>
    <ubTypeOfArmsDealer>0</ubTypeOfArmsDealer>
    <iInitialCash>800</iInitialCash>
    <uiFlags>268435456</uiFlags>
    <dailyIncrement>800</dailyIncrement>
    <dailyMaximum>800</dailyMaximum>
    <dailyRetained>0</dailyRetained>
    <minCoolness>1</minCoolness>
    <maxCoolness>10</maxCoolness>
    <addToCoolness>0</addToCoolness>
    <coolnessProgressRate>100</coolnessProgressRate>
    <daysDelayMin>1</daysDelayMin>
    <daysDelayMax>2</daysDelayMax>
    <useBRSetting>0</useBRSetting>
    <allInventoryAlwaysAvailable>1</allInventoryAlwaysAvailable>
	</MERCHANT>
	<MERCHANT>
    <uiIndex>35</uiIndex>
    <szName>additional dealer 16</szName>
    <dBuyModifier>1.0</dBuyModifier>
    <dSellModifier>1.0</dSellModifier>
    <ubShopKeeperID>255</ubShopKeeperID>
    <ubTypeOfArmsDealer>0</ubTypeOfArmsDealer>
    <iInitialCash>800</iInitialCash>
    <uiFlags>268435456</uiFlags>
    <dailyIncrement>800</dailyIncrement>
    <dailyMaximum>800</dailyMaximum>
    <dailyRetained>0</dailyRetained>
    <minCoolness>1</minCoolness>
    <maxCoolness>10</maxCoolness>
    <addToCoolness>0</addToCoolness>
    <coolnessProgressRate>100</coolnessProgressRate>
    <daysDelayMin>1</daysDelayMin>
    <daysDelayMax>2</daysDelayMax>
    <useBRSetting>0</useBRSetting>
    <allInventoryAlwaysAvailable>1</allInventoryAlwaysAvailable>
	</MERCHANT>
	<MERCHANT>
    <uiIndex>36</uiIndex>
    <szName>additional dealer 17</szName>
    <dBuyModifier>1.0</dBuyModifier>
    <dSellModifier>1.0</dSellModifier>
    <ubShopKeeperID>255</ubShopKeeperID>
    <ubTypeOfArmsDealer>0</ubTypeOfArmsDealer>
    <iInitialCash>800</iInitialCash>
    <uiFlags>268435456</uiFlags>
    <dailyIncrement>800</dailyIncrement>
    <dailyMaximum>800</dailyMaximum>
    <dailyRetained>0</dailyRetained>
    <minCoolness>1</minCoolness>
    <maxCoolness>10</maxCoolness>
    <addToCoolness>0</addToCoolness>
    <coolnessProgressRate>100</coolnessProgressRate>
    <daysDelayMin>1</daysDelayMin>
    <daysDelayMax>2</daysDelayMax>
    <useBRSetting>0</useBRSetting>
    <allInventoryAlwaysAvailable>1</allInventoryAlwaysAvailable>
	</MERCHANT>
	<MERCHANT>
    <uiIndex>37</uiIndex>
    <szName>additional dealer 18</szName>
    <dBuyModifier>1.0</dBuyModifier>
    <dSellModifier>1.0</dSellModifier>
    <ubShopKeeperID>255</ubShopKeeperID>
    <ubTypeOfArmsDealer>0</ubTypeOfArmsDealer>
    <iInitialCash>800</iInitialCash>
    <uiFlags>268435456</uiFlags>
    <dailyIncrement>800</dailyIncrement>
    <dailyMaximum>800</dailyMaximum>
    <dailyRetained>0</dailyRetained>
    <minCoolness>1</minCoolness>
    <maxCoolness>10</maxCoolness>
    <addToCoolness>0</addToCoolness>
    <coolnessProgressRate>100</coolnessProgressRate>
    <daysDelayMin>1</daysDelayMin>
    <daysDelayMax>2</daysDelayMax>
    <useBRSetting>0</useBRSetting>
    <allInventoryAlwaysAvailable>1</allInventoryAlwaysAvailable>
	</MERCHANT>
	<MERCHANT>
    <uiIndex>38</uiIndex>
    <szName>additional dealer 19</szName>
    <dBuyModifier>1.0</dBuyModifier>
    <dSellModifier>1.0</dSellModifier>
    <ubShopKeeperID>255</ubShopKeeperID>
    <ubTypeOfArmsDealer>0</ubTypeOfArmsDealer>
    <iInitialCash>800</iInitialCash>
    <uiFlags>268435456</uiFlags>
    <dailyIncrement>800</dailyIncrement>
    <dailyMaximum>800</dailyMaximum>
    <dailyRetained>0</dailyRetained>
    <minCoolness>1</minCoolness>
    <maxCoolness>10</maxCoolness>
    <addToCoolness>0</addToCoolness>
    <coolnessProgressRate>100</coolnessProgressRate>
    <daysDelayMin>1</daysDelayMin>
    <daysDelayMax>2</daysDelayMax>
    <useBRSetting>0</useBRSetting>
    <allInventoryAlwaysAvailable>1</allInventoryAlwaysAvailable>
	</MERCHANT>
	<MERCHANT>
    <uiIndex>39</uiIndex>
    <szName>additional dealer 20</szName>
    <dBuyModifier>1.0</dBuyModifier>
    <dSellModifier>1.0</dSellModifier>
    <ubShopKeeperID>255</ubShopKeeperID>
    <ubTypeOfArmsDealer>0</ubTypeOfArmsDealer>
    <iInitialCash>800</iInitialCash>
    <uiFlags>268435456</uiFlags>
    <dailyIncrement>800</dailyIncrement>
    <dailyMaximum>800</dailyMaximum>
    <dailyRetained>0</dailyRetained>
    <minCoolness>1</minCoolness>
    <maxCoolness>10</maxCoolness>
    <addToCoolness>0</addToCoolness>
    <coolnessProgressRate>100</coolnessProgressRate>
    <daysDelayMin>1</daysDelayMin>
    <daysDelayMax>2</daysDelayMax>
    <useBRSetting>0</useBRSetting>
    <allInventoryAlwaysAvailable>1</allInventoryAlwaysAvailable>
	</MERCHANT>
</MERCHANTSLIST>