﻿<?xml version="1.0" encoding="utf-8"?>
<INVENTORYLIST>
	<INVENTORY>
		<uiIndex>0</uiIndex>
		<sItemIndex>55</sItemIndex>
		<ubOptimalNumber>0</ubOptimalNumber>
	</INVENTORY>
	<INVENTORY>
		<uiIndex>1</uiIndex>
		<sItemIndex>65</sItemIndex>
		<ubOptimalNumber>0</ubOptimalNumber>
	</INVENTORY>
	<INVENTORY>
		<uiIndex>2</uiIndex>
		<sItemIndex>56</sItemIndex>
		<ubOptimalNumber>0</ubOptimalNumber>
	</INVENTORY>
	<INVENTORY>
		<uiIndex>3</uiIndex>
		<sItemIndex>1</sItemIndex>
		<ubOptimalNumber>0</ubOptimalNumber>
	</INVENTORY>
	<INVENTORY>
		<uiIndex>4</uiIndex>
		<sItemIndex>2</sItemIndex>
		<ubOptimalNumber>1</ubOptimalNumber>
	</INVENTORY>
	<INVENTORY>
		<uiIndex>5</uiIndex>
		<sItemIndex>3</sItemIndex>
		<ubOptimalNumber>0</ubOptimalNumber>
	</INVENTORY>
	<INVENTORY>
		<uiIndex>6</uiIndex>
		<sItemIndex>4</sItemIndex>
		<ubOptimalNumber>0</ubOptimalNumber>
	</INVENTORY>
	<INVENTORY>
		<uiIndex>7</uiIndex>
		<sItemIndex>5</sItemIndex>
		<ubOptimalNumber>0</ubOptimalNumber>
	</INVENTORY>
	<INVENTORY>
		<uiIndex>8</uiIndex>
		<sItemIndex>6</sItemIndex>
		<ubOptimalNumber>0</ubOptimalNumber>
	</INVENTORY>
	<INVENTORY>
		<uiIndex>9</uiIndex>
		<sItemIndex>7</sItemIndex>
		<ubOptimalNumber>1</ubOptimalNumber>
	</INVENTORY>
	<INVENTORY>
		<uiIndex>10</uiIndex>
		<sItemIndex>8</sItemIndex>
		<ubOptimalNumber>0</ubOptimalNumber>
	</INVENTORY>
	<INVENTORY>
		<uiIndex>11</uiIndex>
		<sItemIndex>9</sItemIndex>
		<ubOptimalNumber>1</ubOptimalNumber>
	</INVENTORY>
	<INVENTORY>
		<uiIndex>12</uiIndex>
		<sItemIndex>10</sItemIndex>
		<ubOptimalNumber>1</ubOptimalNumber>
	</INVENTORY>
	<INVENTORY>
		<uiIndex>13</uiIndex>
		<sItemIndex>11</sItemIndex>
		<ubOptimalNumber>0</ubOptimalNumber>
	</INVENTORY>
	<INVENTORY>
		<uiIndex>14</uiIndex>
		<sItemIndex>12</sItemIndex>
		<ubOptimalNumber>1</ubOptimalNumber>
	</INVENTORY>
	<INVENTORY>
		<uiIndex>15</uiIndex>
		<sItemIndex>13</sItemIndex>
		<ubOptimalNumber>0</ubOptimalNumber>
	</INVENTORY>
	<INVENTORY>
		<uiIndex>16</uiIndex>
		<sItemIndex>14</sItemIndex>
		<ubOptimalNumber>0</ubOptimalNumber>
	</INVENTORY>
	<INVENTORY>
		<uiIndex>17</uiIndex>
		<sItemIndex>16</sItemIndex>
		<ubOptimalNumber>0</ubOptimalNumber>
	</INVENTORY>
	<INVENTORY>
		<uiIndex>18</uiIndex>
		<sItemIndex>17</sItemIndex>
		<ubOptimalNumber>0</ubOptimalNumber>
	</INVENTORY>
	<INVENTORY>
		<uiIndex>19</uiIndex>
		<sItemIndex>18</sItemIndex>
		<ubOptimalNumber>0</ubOptimalNumber>
	</INVENTORY>
	<INVENTORY>
		<uiIndex>20</uiIndex>
		<sItemIndex>19</sItemIndex>
		<ubOptimalNumber>0</ubOptimalNumber>
	</INVENTORY>
	<INVENTORY>
		<uiIndex>21</uiIndex>
		<sItemIndex>20</sItemIndex>
		<ubOptimalNumber>1</ubOptimalNumber>
	</INVENTORY>
	<INVENTORY>
		<uiIndex>22</uiIndex>
		<sItemIndex>21</sItemIndex>
		<ubOptimalNumber>0</ubOptimalNumber>
	</INVENTORY>
	<INVENTORY>
		<uiIndex>23</uiIndex>
		<sItemIndex>22</sItemIndex>
		<ubOptimalNumber>0</ubOptimalNumber>
	</INVENTORY>
	<INVENTORY>
		<uiIndex>24</uiIndex>
		<sItemIndex>23</sItemIndex>
		<ubOptimalNumber>1</ubOptimalNumber>
	</INVENTORY>
	<INVENTORY>
		<uiIndex>25</uiIndex>
		<sItemIndex>24</sItemIndex>
		<ubOptimalNumber>1</ubOptimalNumber>
	</INVENTORY>
	<INVENTORY>
		<uiIndex>26</uiIndex>
		<sItemIndex>25</sItemIndex>
		<ubOptimalNumber>0</ubOptimalNumber>
	</INVENTORY>
	<INVENTORY>
		<uiIndex>27</uiIndex>
		<sItemIndex>26</sItemIndex>
		<ubOptimalNumber>0</ubOptimalNumber>
	</INVENTORY>
	<INVENTORY>
		<uiIndex>28</uiIndex>
		<sItemIndex>27</sItemIndex>
		<ubOptimalNumber>0</ubOptimalNumber>
	</INVENTORY>
	<INVENTORY>
		<uiIndex>29</uiIndex>
		<sItemIndex>29</sItemIndex>
		<ubOptimalNumber>0</ubOptimalNumber>
	</INVENTORY>
	<INVENTORY>
		<uiIndex>30</uiIndex>
		<sItemIndex>28</sItemIndex>
		<ubOptimalNumber>0</ubOptimalNumber>
	</INVENTORY>
	<INVENTORY>
		<uiIndex>31</uiIndex>
		<sItemIndex>34</sItemIndex>
		<ubOptimalNumber>1</ubOptimalNumber>
	</INVENTORY>
	<INVENTORY>
		<uiIndex>32</uiIndex>
		<sItemIndex>35</sItemIndex>
		<ubOptimalNumber>0</ubOptimalNumber>
	</INVENTORY>
	<INVENTORY>
		<uiIndex>33</uiIndex>
		<sItemIndex>36</sItemIndex>
		<ubOptimalNumber>1</ubOptimalNumber>
	</INVENTORY>
	<INVENTORY>
		<uiIndex>34</uiIndex>
		<sItemIndex>31</sItemIndex>
		<ubOptimalNumber>0</ubOptimalNumber>
	</INVENTORY>
	<INVENTORY>
		<uiIndex>35</uiIndex>
		<sItemIndex>32</sItemIndex>
		<ubOptimalNumber>0</ubOptimalNumber>
	</INVENTORY>
	<INVENTORY>
		<uiIndex>36</uiIndex>
		<sItemIndex>40</sItemIndex>
		<ubOptimalNumber>0</ubOptimalNumber>
	</INVENTORY>
	<INVENTORY>
		<uiIndex>37</uiIndex>
		<sItemIndex>51</sItemIndex>
		<ubOptimalNumber>1</ubOptimalNumber>
	</INVENTORY>
	<INVENTORY>
		<uiIndex>38</uiIndex>
		<sItemIndex>41</sItemIndex>
		<ubOptimalNumber>1</ubOptimalNumber>
	</INVENTORY>
	<INVENTORY>
		<uiIndex>39</uiIndex>
		<sItemIndex>30</sItemIndex>
		<ubOptimalNumber>1</ubOptimalNumber>
	</INVENTORY>
	<INVENTORY>
		<uiIndex>40</uiIndex>
		<sItemIndex>33</sItemIndex>
		<ubOptimalNumber>1</ubOptimalNumber>
	</INVENTORY>
	<INVENTORY>
		<uiIndex>41</uiIndex>
		<sItemIndex>15</sItemIndex>
		<ubOptimalNumber>1</ubOptimalNumber>
	</INVENTORY>
	<INVENTORY>
		<uiIndex>42</uiIndex>
		<sItemIndex>61</sItemIndex>
		<ubOptimalNumber>1</ubOptimalNumber>
	</INVENTORY>
	<INVENTORY>
		<uiIndex>43</uiIndex>
		<sItemIndex>71</sItemIndex>
		<ubOptimalNumber>0</ubOptimalNumber>
	</INVENTORY>
	<INVENTORY>
		<uiIndex>44</uiIndex>
		<sItemIndex>72</sItemIndex>
		<ubOptimalNumber>0</ubOptimalNumber>
	</INVENTORY>
	<INVENTORY>
		<uiIndex>45</uiIndex>
		<sItemIndex>73</sItemIndex>
		<ubOptimalNumber>0</ubOptimalNumber>
	</INVENTORY>
	<INVENTORY>
		<uiIndex>46</uiIndex>
		<sItemIndex>74</sItemIndex>
		<ubOptimalNumber>0</ubOptimalNumber>
	</INVENTORY>
	<INVENTORY>
		<uiIndex>47</uiIndex>
		<sItemIndex>75</sItemIndex>
		<ubOptimalNumber>0</ubOptimalNumber>
	</INVENTORY>
	<INVENTORY>
		<uiIndex>48</uiIndex>
		<sItemIndex>76</sItemIndex>
		<ubOptimalNumber>0</ubOptimalNumber>
	</INVENTORY>
	<INVENTORY>
		<uiIndex>49</uiIndex>
		<sItemIndex>77</sItemIndex>
		<ubOptimalNumber>0</ubOptimalNumber>
	</INVENTORY>
	<INVENTORY>
		<uiIndex>50</uiIndex>
		<sItemIndex>78</sItemIndex>
		<ubOptimalNumber>0</ubOptimalNumber>
	</INVENTORY>
	<INVENTORY>
		<uiIndex>51</uiIndex>
		<sItemIndex>79</sItemIndex>
		<ubOptimalNumber>0</ubOptimalNumber>
	</INVENTORY>
	<INVENTORY>
		<uiIndex>52</uiIndex>
		<sItemIndex>80</sItemIndex>
		<ubOptimalNumber>0</ubOptimalNumber>
	</INVENTORY>
	<INVENTORY>
		<uiIndex>53</uiIndex>
		<sItemIndex>81</sItemIndex>
		<ubOptimalNumber>0</ubOptimalNumber>
	</INVENTORY>
	<INVENTORY>
		<uiIndex>54</uiIndex>
		<sItemIndex>82</sItemIndex>
		<ubOptimalNumber>0</ubOptimalNumber>
	</INVENTORY>
	<INVENTORY>
		<uiIndex>55</uiIndex>
		<sItemIndex>83</sItemIndex>
		<ubOptimalNumber>0</ubOptimalNumber>
	</INVENTORY>
	<INVENTORY>
		<uiIndex>56</uiIndex>
		<sItemIndex>84</sItemIndex>
		<ubOptimalNumber>0</ubOptimalNumber>
	</INVENTORY>
	<INVENTORY>
		<uiIndex>57</uiIndex>
		<sItemIndex>85</sItemIndex>
		<ubOptimalNumber>0</ubOptimalNumber>
	</INVENTORY>
	<INVENTORY>
		<uiIndex>58</uiIndex>
		<sItemIndex>86</sItemIndex>
		<ubOptimalNumber>0</ubOptimalNumber>
	</INVENTORY>
	<INVENTORY>
		<uiIndex>59</uiIndex>
		<sItemIndex>87</sItemIndex>
		<ubOptimalNumber>0</ubOptimalNumber>
	</INVENTORY>
	<INVENTORY>
		<uiIndex>60</uiIndex>
		<sItemIndex>88</sItemIndex>
		<ubOptimalNumber>0</ubOptimalNumber>
	</INVENTORY>
	<INVENTORY>
		<uiIndex>61</uiIndex>
		<sItemIndex>89</sItemIndex>
		<ubOptimalNumber>0</ubOptimalNumber>
	</INVENTORY>
	<INVENTORY>
		<uiIndex>62</uiIndex>
		<sItemIndex>90</sItemIndex>
		<ubOptimalNumber>0</ubOptimalNumber>
	</INVENTORY>
	<INVENTORY>
		<uiIndex>63</uiIndex>
		<sItemIndex>91</sItemIndex>
		<ubOptimalNumber>0</ubOptimalNumber>
	</INVENTORY>
	<INVENTORY>
		<uiIndex>64</uiIndex>
		<sItemIndex>92</sItemIndex>
		<ubOptimalNumber>0</ubOptimalNumber>
	</INVENTORY>
	<INVENTORY>
		<uiIndex>65</uiIndex>
		<sItemIndex>93</sItemIndex>
		<ubOptimalNumber>0</ubOptimalNumber>
	</INVENTORY>
	<INVENTORY>
		<uiIndex>66</uiIndex>
		<sItemIndex>94</sItemIndex>
		<ubOptimalNumber>0</ubOptimalNumber>
	</INVENTORY>
	<INVENTORY>
		<uiIndex>67</uiIndex>
		<sItemIndex>95</sItemIndex>
		<ubOptimalNumber>0</ubOptimalNumber>
	</INVENTORY>
	<INVENTORY>
		<uiIndex>68</uiIndex>
		<sItemIndex>96</sItemIndex>
		<ubOptimalNumber>0</ubOptimalNumber>
	</INVENTORY>
	<INVENTORY>
		<uiIndex>69</uiIndex>
		<sItemIndex>97</sItemIndex>
		<ubOptimalNumber>0</ubOptimalNumber>
	</INVENTORY>
	<INVENTORY>
		<uiIndex>70</uiIndex>
		<sItemIndex>98</sItemIndex>
		<ubOptimalNumber>0</ubOptimalNumber>
	</INVENTORY>
	<INVENTORY>
		<uiIndex>71</uiIndex>
		<sItemIndex>99</sItemIndex>
		<ubOptimalNumber>0</ubOptimalNumber>
	</INVENTORY>
	<INVENTORY>
		<uiIndex>72</uiIndex>
		<sItemIndex>100</sItemIndex>
		<ubOptimalNumber>0</ubOptimalNumber>
	</INVENTORY>
	<INVENTORY>
		<uiIndex>73</uiIndex>
		<sItemIndex>101</sItemIndex>
		<ubOptimalNumber>0</ubOptimalNumber>
	</INVENTORY>
	<INVENTORY>
		<uiIndex>74</uiIndex>
		<sItemIndex>102</sItemIndex>
		<ubOptimalNumber>0</ubOptimalNumber>
	</INVENTORY>
	<INVENTORY>
		<uiIndex>75</uiIndex>
		<sItemIndex>103</sItemIndex>
		<ubOptimalNumber>0</ubOptimalNumber>
	</INVENTORY>
	<INVENTORY>
		<uiIndex>76</uiIndex>
		<sItemIndex>104</sItemIndex>
		<ubOptimalNumber>5</ubOptimalNumber>
	</INVENTORY>
	<INVENTORY>
		<uiIndex>77</uiIndex>
		<sItemIndex>105</sItemIndex>
		<ubOptimalNumber>6</ubOptimalNumber>
	</INVENTORY>
	<INVENTORY>
		<uiIndex>78</uiIndex>
		<sItemIndex>106</sItemIndex>
		<ubOptimalNumber>3</ubOptimalNumber>
	</INVENTORY>
	<INVENTORY>
		<uiIndex>79</uiIndex>
		<sItemIndex>107</sItemIndex>
		<ubOptimalNumber>0</ubOptimalNumber>
	</INVENTORY>
	<INVENTORY>
		<uiIndex>80</uiIndex>
		<sItemIndex>108</sItemIndex>
		<ubOptimalNumber>0</ubOptimalNumber>
	</INVENTORY>
	<INVENTORY>
		<uiIndex>81</uiIndex>
		<sItemIndex>109</sItemIndex>
		<ubOptimalNumber>5</ubOptimalNumber>
	</INVENTORY>
	<INVENTORY>
		<uiIndex>82</uiIndex>
		<sItemIndex>110</sItemIndex>
		<ubOptimalNumber>3</ubOptimalNumber>
	</INVENTORY>
	<INVENTORY>
		<uiIndex>83</uiIndex>
		<sItemIndex>111</sItemIndex>
		<ubOptimalNumber>3</ubOptimalNumber>
	</INVENTORY>
	<INVENTORY>
		<uiIndex>84</uiIndex>
		<sItemIndex>112</sItemIndex>
		<ubOptimalNumber>1</ubOptimalNumber>
	</INVENTORY>
	<INVENTORY>
		<uiIndex>85</uiIndex>
		<sItemIndex>113</sItemIndex>
		<ubOptimalNumber>1</ubOptimalNumber>
	</INVENTORY>
	<INVENTORY>
		<uiIndex>86</uiIndex>
		<sItemIndex>114</sItemIndex>
		<ubOptimalNumber>5</ubOptimalNumber>
	</INVENTORY>
	<INVENTORY>
		<uiIndex>87</uiIndex>
		<sItemIndex>147</sItemIndex>
		<ubOptimalNumber>2</ubOptimalNumber>
	</INVENTORY>
	<INVENTORY>
		<uiIndex>88</uiIndex>
		<sItemIndex>148</sItemIndex>
		<ubOptimalNumber>2</ubOptimalNumber>
	</INVENTORY>
	<INVENTORY>
		<uiIndex>89</uiIndex>
		<sItemIndex>149</sItemIndex>
		<ubOptimalNumber>2</ubOptimalNumber>
	</INVENTORY>
	<INVENTORY>
		<uiIndex>90</uiIndex>
		<sItemIndex>150</sItemIndex>
		<ubOptimalNumber>2</ubOptimalNumber>
	</INVENTORY>
	<INVENTORY>
		<uiIndex>91</uiIndex>
		<sItemIndex>140</sItemIndex>
		<ubOptimalNumber>2</ubOptimalNumber>
	</INVENTORY>
	<INVENTORY>
		<uiIndex>92</uiIndex>
		<sItemIndex>37</sItemIndex>
		<ubOptimalNumber>3</ubOptimalNumber>
	</INVENTORY>
	<INVENTORY>
		<uiIndex>93</uiIndex>
		<sItemIndex>38</sItemIndex>
		<ubOptimalNumber>6</ubOptimalNumber>
	</INVENTORY>
	<INVENTORY>
		<uiIndex>94</uiIndex>
		<sItemIndex>49</sItemIndex>
		<ubOptimalNumber>1</ubOptimalNumber>
	</INVENTORY>
	<INVENTORY>
		<uiIndex>95</uiIndex>
		<sItemIndex>54</sItemIndex>
		<ubOptimalNumber>1</ubOptimalNumber>
	</INVENTORY>
	<INVENTORY>
		<uiIndex>96</uiIndex>
		<sItemIndex>207</sItemIndex>
		<ubOptimalNumber>3</ubOptimalNumber>
	</INVENTORY>
	<INVENTORY>
		<uiIndex>97</uiIndex>
		<sItemIndex>208</sItemIndex>
		<ubOptimalNumber>3</ubOptimalNumber>
	</INVENTORY>
	<INVENTORY>
		<uiIndex>98</uiIndex>
		<sItemIndex>241</sItemIndex>
		<ubOptimalNumber>2</ubOptimalNumber>
	</INVENTORY>
	<INVENTORY>
		<uiIndex>99</uiIndex>
		<sItemIndex>209</sItemIndex>
		<ubOptimalNumber>3</ubOptimalNumber>
	</INVENTORY>
	<INVENTORY>
		<uiIndex>100</uiIndex>
		<sItemIndex>244</sItemIndex>
		<ubOptimalNumber>3</ubOptimalNumber>
	</INVENTORY>
	<INVENTORY>
		<uiIndex>101</uiIndex>
		<sItemIndex>131</sItemIndex>
		<ubOptimalNumber>2</ubOptimalNumber>
	</INVENTORY>
	<INVENTORY>
		<uiIndex>102</uiIndex>
		<sItemIndex>132</sItemIndex>
		<ubOptimalNumber>2</ubOptimalNumber>
	</INVENTORY>
	<INVENTORY>
		<uiIndex>103</uiIndex>
		<sItemIndex>133</sItemIndex>
		<ubOptimalNumber>3</ubOptimalNumber>
	</INVENTORY>
	<INVENTORY>
		<uiIndex>104</uiIndex>
		<sItemIndex>134</sItemIndex>
		<ubOptimalNumber>6</ubOptimalNumber>
	</INVENTORY>
	<INVENTORY>
		<uiIndex>105</uiIndex>
		<sItemIndex>135</sItemIndex>
		<ubOptimalNumber>4</ubOptimalNumber>
	</INVENTORY>
	<INVENTORY>
		<uiIndex>106</uiIndex>
		<sItemIndex>146</sItemIndex>
		<ubOptimalNumber>2</ubOptimalNumber>
	</INVENTORY>
	<INVENTORY>
		<uiIndex>107</uiIndex>
		<sItemIndex>151</sItemIndex>
		<ubOptimalNumber>2</ubOptimalNumber>
	</INVENTORY>
	<INVENTORY>
		<uiIndex>108</uiIndex>
		<sItemIndex>116</sItemIndex>
		<ubOptimalNumber>3</ubOptimalNumber>
	</INVENTORY>
	<INVENTORY>
		<uiIndex>109</uiIndex>
		<sItemIndex>117</sItemIndex>
		<ubOptimalNumber>3</ubOptimalNumber>
	</INVENTORY>
	<INVENTORY>
		<uiIndex>110</uiIndex>
		<sItemIndex>118</sItemIndex>
		<ubOptimalNumber>0</ubOptimalNumber>
	</INVENTORY>
	<INVENTORY>
		<uiIndex>111</uiIndex>
		<sItemIndex>119</sItemIndex>
		<ubOptimalNumber>0</ubOptimalNumber>
	</INVENTORY>
	<INVENTORY>
		<uiIndex>112</uiIndex>
		<sItemIndex>120</sItemIndex>
		<ubOptimalNumber>0</ubOptimalNumber>
	</INVENTORY>
	<INVENTORY>
		<uiIndex>113</uiIndex>
		<sItemIndex>66</sItemIndex>
		<ubOptimalNumber>0</ubOptimalNumber>
	</INVENTORY>
	<INVENTORY>
		<uiIndex>114</uiIndex>
		<sItemIndex>67</sItemIndex>
		<ubOptimalNumber>0</ubOptimalNumber>
	</INVENTORY>
	<INVENTORY>
		<uiIndex>115</uiIndex>
		<sItemIndex>68</sItemIndex>
		<ubOptimalNumber>0</ubOptimalNumber>
	</INVENTORY>
	<INVENTORY>
		<uiIndex>116</uiIndex>
		<sItemIndex>69</sItemIndex>
		<ubOptimalNumber>0</ubOptimalNumber>
	</INVENTORY>
	<INVENTORY>
		<uiIndex>117</uiIndex>
		<sItemIndex>330</sItemIndex>
		<ubOptimalNumber>1</ubOptimalNumber>
	</INVENTORY>
	<INVENTORY>
		<uiIndex>118</uiIndex>
		<sItemIndex>331</sItemIndex>
		<ubOptimalNumber>1</ubOptimalNumber>
	</INVENTORY>
	<INVENTORY>
		<uiIndex>119</uiIndex>
		<sItemIndex>332</sItemIndex>
		<ubOptimalNumber>1</ubOptimalNumber>
	</INVENTORY>
	<INVENTORY>
		<uiIndex>120</uiIndex>
		<sItemIndex>334</sItemIndex>
		<ubOptimalNumber>1</ubOptimalNumber>
	</INVENTORY>
	<INVENTORY>
		<uiIndex>121</uiIndex>
		<sItemIndex>335</sItemIndex>
		<ubOptimalNumber>0</ubOptimalNumber>
	</INVENTORY>
	<INVENTORY>
		<uiIndex>122</uiIndex>
		<sItemIndex>1352</sItemIndex>
		<ubOptimalNumber>0</ubOptimalNumber>
	</INVENTORY>
	<INVENTORY>
		<uiIndex>123</uiIndex>
		<sItemIndex>1354</sItemIndex>
		<ubOptimalNumber>0</ubOptimalNumber>
	</INVENTORY>
	<INVENTORY>
		<uiIndex>124</uiIndex>
		<sItemIndex>176</sItemIndex>
		<ubOptimalNumber>0</ubOptimalNumber>
	</INVENTORY>
	<INVENTORY>
		<uiIndex>125</uiIndex>
		<sItemIndex>164</sItemIndex>
		<ubOptimalNumber>0</ubOptimalNumber>
	</INVENTORY>
	<INVENTORY>
		<uiIndex>126</uiIndex>
		<sItemIndex>167</sItemIndex>
		<ubOptimalNumber>0</ubOptimalNumber>
	</INVENTORY>
	<INVENTORY>
		<uiIndex>127</uiIndex>
		<sItemIndex>173</sItemIndex>
		<ubOptimalNumber>0</ubOptimalNumber>
	</INVENTORY>
	<INVENTORY>
		<uiIndex>128</uiIndex>
		<sItemIndex>180</sItemIndex>
		<ubOptimalNumber>0</ubOptimalNumber>
	</INVENTORY>
	<INVENTORY>
		<uiIndex>129</uiIndex>
		<sItemIndex>177</sItemIndex>
		<ubOptimalNumber>0</ubOptimalNumber>
	</INVENTORY>
	<INVENTORY>
		<uiIndex>130</uiIndex>
		<sItemIndex>170</sItemIndex>
		<ubOptimalNumber>0</ubOptimalNumber>
	</INVENTORY>
	<INVENTORY>
		<uiIndex>131</uiIndex>
		<sItemIndex>161</sItemIndex>
		<ubOptimalNumber>0</ubOptimalNumber>
	</INVENTORY>
	<INVENTORY>
		<uiIndex>132</uiIndex>
		<sItemIndex>1353</sItemIndex>
		<ubOptimalNumber>0</ubOptimalNumber>
	</INVENTORY>
	<INVENTORY>
		<uiIndex>133</uiIndex>
		<sItemIndex>1007</sItemIndex>
		<ubOptimalNumber>1</ubOptimalNumber>
	</INVENTORY>
	<INVENTORY>
		<uiIndex>134</uiIndex>
		<sItemIndex>592</sItemIndex>
		<ubOptimalNumber>1</ubOptimalNumber>
	</INVENTORY>
	<INVENTORY>
		<uiIndex>135</uiIndex>
		<sItemIndex>948</sItemIndex>
		<ubOptimalNumber>1</ubOptimalNumber>
	</INVENTORY>
	<INVENTORY>
		<uiIndex>136</uiIndex>
		<sItemIndex>949</sItemIndex>
		<ubOptimalNumber>1</ubOptimalNumber>
	</INVENTORY>
	<INVENTORY>
		<uiIndex>137</uiIndex>
		<sItemIndex>950</sItemIndex>
		<ubOptimalNumber>1</ubOptimalNumber>
	</INVENTORY>
	<INVENTORY>
		<uiIndex>138</uiIndex>
		<sItemIndex>207</sItemIndex>
		<ubOptimalNumber>1</ubOptimalNumber>
	</INVENTORY>
	<INVENTORY>
		<uiIndex>139</uiIndex>
		<sItemIndex>999</sItemIndex>
		<ubOptimalNumber>1</ubOptimalNumber>
	</INVENTORY>
	<INVENTORY>
		<uiIndex>140</uiIndex>
		<sItemIndex>1000</sItemIndex>
		<ubOptimalNumber>1</ubOptimalNumber>
	</INVENTORY>
	<INVENTORY>
		<uiIndex>141</uiIndex>
		<sItemIndex>1003</sItemIndex>
		<ubOptimalNumber>1</ubOptimalNumber>
	</INVENTORY>
	<INVENTORY>
		<uiIndex>142</uiIndex>
		<sItemIndex>1004</sItemIndex>
		<ubOptimalNumber>1</ubOptimalNumber>
	</INVENTORY>
	<INVENTORY>
		<uiIndex>143</uiIndex>
		<sItemIndex>1030</sItemIndex>
		<ubOptimalNumber>1</ubOptimalNumber>
	</INVENTORY>
	<INVENTORY>
		<uiIndex>144</uiIndex>
		<sItemIndex>1006</sItemIndex>
		<ubOptimalNumber>1</ubOptimalNumber>
	</INVENTORY>
	<INVENTORY>
		<uiIndex>145</uiIndex>
		<sItemIndex>1012</sItemIndex>
		<ubOptimalNumber>1</ubOptimalNumber>
	</INVENTORY>
	<INVENTORY>
		<uiIndex>146</uiIndex>
		<sItemIndex>1029</sItemIndex>
		<ubOptimalNumber>1</ubOptimalNumber>
	</INVENTORY>
	<INVENTORY>
		<uiIndex>147</uiIndex>
		<sItemIndex>1005</sItemIndex>
		<ubOptimalNumber>1</ubOptimalNumber>
	</INVENTORY>
	<INVENTORY>
		<uiIndex>148</uiIndex>
		<sItemIndex>333</sItemIndex>
		<ubOptimalNumber>0</ubOptimalNumber>
	</INVENTORY>
		<INVENTORY>
		<uiIndex>149</uiIndex>
		<sItemIndex>1576</sItemIndex>
		<ubOptimalNumber>1</ubOptimalNumber>
	</INVENTORY>
</INVENTORYLIST>