<!-- This is just an empty template for the addition extra sector items -->
<!-- See "Docs\Extra Sector Items.txt" for additional informations      -->
<ExtraItems>
   <Item>
      <uiIndex>1354</uiIndex>
      <quantity>3</quantity>
      <condition>100</condition>
      <gridno>36326</gridno>
      <visible>1</visible>
   </Item>
   <Item>
      <uiIndex>1352</uiIndex>
      <quantity>1</quantity>
      <condition>100</condition>
      <gridno>36326</gridno>
      <visible>1</visible>
   </Item>
</ExtraItems>